,Year,Month,RF_mm,RF_in,datetime
0,1920.0,1.0,155.65416425540124,6.128116702968553,1920-01-01
1,1920.0,2.0,24.89761013454861,0.9802208714389218,1920-02-01
2,1920.0,3.0,89.98854046103395,3.542855923662754,1920-03-01
3,1920.0,4.0,48.82362196180556,1.922189841015967,1920-04-01
4,1920.0,5.0,81.93205054012346,3.225671281107223,1920-05-01
5,1920.0,6.0,20.236385392554013,0.7967080863210242,1920-06-01
6,1920.0,7.0,14.00946723090278,0.5515538279882984,1920-07-01
7,1920.0,8.0,13.438619731385032,0.5290795169836627,1920-08-01
8,1920.0,9.0,14.141765829957562,0.5567624342502977,1920-09-01
9,1920.0,10.0,14.807941201292438,0.5829898110745054,1920-10-01
10,1920.0,11.0,35.13654694733796,1.3833286199739356,1920-11-01
11,1920.0,12.0,289.41116898148147,11.394140511081948,1920-12-01
12,1921.0,1.0,226.78879726080248,8.928692805543406,1921-01-01
13,1921.0,2.0,54.40688295717592,2.142003266030548,1921-02-01
14,1921.0,3.0,20.399231710551696,0.8031193586831377,1921-03-01
15,1921.0,4.0,27.89861834490741,1.0983708009806068,1921-04-01
16,1921.0,5.0,20.704035252700617,0.8151194981378196,1921-05-01
17,1921.0,6.0,27.704734519675927,1.0907375795148004,1921-06-01
18,1921.0,7.0,6.499660162278164,0.255892132373156,1921-07-01
19,1921.0,8.0,8.16866726345486,0.3216010733643646,1921-08-01
20,1921.0,9.0,9.320918330439817,0.3669652885999927,1921-09-01
21,1921.0,10.0,81.96408420138889,3.2269324488735784,1921-10-01
22,1921.0,11.0,18.879053940007715,0.7432698401577841,1921-11-01
23,1921.0,12.0,126.68196614583331,4.987478982119423,1921-12-01
24,1922.0,1.0,61.37422236689815,2.4163079672007144,1922-01-01
25,1922.0,2.0,32.67585057388117,1.2864508099953218,1922-02-01
26,1922.0,3.0,72.64491705246914,2.8600361044279192,1922-03-01
27,1922.0,4.0,38.47663182388117,1.514828024562251,1922-04-01
28,1922.0,5.0,18.27861870659722,0.7196306577400481,1922-05-01
29,1922.0,6.0,8.223723234953704,0.3237686312973899,1922-06-01
30,1922.0,7.0,2.910889425395448,0.1146019458817105,1922-07-01
31,1922.0,8.0,21.26429277584877,0.8371768809389278,1922-08-01
32,1922.0,9.0,80.00493706597223,3.1498006718886704,1922-09-01
33,1922.0,10.0,55.335738570601855,2.1785723846693643,1922-10-01
34,1922.0,11.0,27.545084635416668,1.0844521510006562,1922-11-01
35,1922.0,12.0,11.29006694275656,0.4444908245179748,1922-12-01
36,1923.0,1.0,216.98268711419752,8.54262547693691,1923-01-01
37,1923.0,2.0,94.9934413580247,3.739899266063965,1923-02-01
38,1923.0,3.0,114.276065779321,4.499057707847284,1923-03-01
39,1923.0,4.0,138.66506317515433,5.4592544557147376,1923-04-01
40,1923.0,5.0,6.936207712432484,0.2730790437965545,1923-05-01
41,1923.0,6.0,4.176893446180555,0.1644446238653762,1923-06-01
42,1923.0,7.0,3.790610984519676,0.1492366529338455,1923-07-01
43,1923.0,8.0,52.650607638888886,2.0728585684601923,1923-08-01
44,1923.0,9.0,25.37308304398148,0.9989402773221056,1923-09-01
45,1923.0,10.0,16.931425118152006,0.6665915400847247,1923-10-01
46,1923.0,11.0,9.200568305121529,0.3622270986268318,1923-11-01
47,1923.0,12.0,232.7143614969136,9.16198273609896,1923-12-01
48,1924.0,1.0,12.445112063560956,0.4899650418724787,1924-01-01
49,1924.0,2.0,28.715497805748456,1.1305314096751362,1924-02-01
50,1924.0,3.0,103.93070023148148,4.091759851633129,1924-03-01
51,1924.0,4.0,359.0921826774691,14.137487506986972,1924-04-01
52,1924.0,5.0,27.811149691358025,1.094927153203072,1924-05-01
53,1924.0,6.0,12.921784577546296,0.5087316762813503,1924-06-01
54,1924.0,7.0,15.456973982445987,0.6085422827734641,1924-07-01
55,1924.0,8.0,4.870864303023727,0.1917663111426664,1924-08-01
56,1924.0,9.0,17.300734531732253,0.6811312807768604,1924-09-01
57,1924.0,10.0,38.18785264756944,1.5034587656523404,1924-10-01
58,1924.0,11.0,29.537263093171298,1.1628843737469017,1924-11-01
59,1924.0,12.0,145.01534770447532,5.709265657656509,1924-12-01
60,1925.0,1.0,38.55653211805556,1.5179737054352582,1925-01-01
61,1925.0,2.0,7.401248884789737,0.2913877513696747,1925-02-01
62,1925.0,3.0,66.02320842978395,2.599338914558423,1925-03-01
63,1925.0,4.0,33.199607566550924,1.307071164037438,1925-04-01
64,1925.0,5.0,9.734781147521218,0.383259100296111,1925-05-01
65,1925.0,6.0,4.431086787471065,0.1744522357272072,1925-06-01
66,1925.0,7.0,14.204303505979938,0.5592245474795252,1925-07-01
67,1925.0,8.0,6.410512665171682,0.2523823883925859,1925-08-01
68,1925.0,9.0,40.4562686873071,1.5927664837522482,1925-09-01
69,1925.0,10.0,43.41539171006944,1.7092673901602145,1925-10-01
70,1925.0,11.0,38.06132752218364,1.498477461503293,1925-11-01
71,1925.0,12.0,80.17487099729938,3.156490984145645,1925-12-01
72,1926.0,1.0,34.46013575424383,1.3566982580410958,1926-01-01
73,1926.0,2.0,13.325609748746142,0.5246303050687458,1926-02-01
74,1926.0,3.0,27.63579644097222,1.0880234819280403,1926-03-01
75,1926.0,4.0,26.12559377411265,1.0285666840201833,1926-04-01
76,1926.0,5.0,6.276901056737076,0.2471220888479164,1926-05-01
77,1926.0,6.0,108.44709683641976,4.269570741591329,1926-06-01
78,1926.0,7.0,29.687138310185187,1.1687849728419366,1926-07-01
79,1926.0,8.0,33.67431640625,1.3257604884350394,1926-08-01
80,1926.0,9.0,50.91943359375,2.0047021099901574,1926-09-01
81,1926.0,10.0,47.41886091820987,1.866884288118499,1926-10-01
82,1926.0,11.0,10.40007339289159,0.4094517083815587,1926-11-01
83,1926.0,12.0,31.420494550540123,1.2370273445094535,1926-12-01
84,1927.0,1.0,82.71062403549382,3.2563237809249537,1927-01-01
85,1927.0,2.0,66.36162350501543,2.612662342717143,1927-02-01
86,1927.0,3.0,206.1467978395061,8.116015662972684,1927-03-01
87,1927.0,4.0,95.4944480613426,3.759623939422937,1927-04-01
88,1927.0,5.0,56.28916497878087,2.216108857432318,1927-05-01
89,1927.0,6.0,9.06386688609182,0.356845152995741,1927-06-01
90,1927.0,7.0,11.739087516878858,0.4621687998771204,1927-07-01
91,1927.0,8.0,16.83285861545139,0.6627109691122595,1927-08-01
92,1927.0,9.0,105.6492332175926,4.159418630613882,1927-09-01
93,1927.0,10.0,9.65622287326389,0.380166254852909,1927-10-01
94,1927.0,11.0,86.53435450424382,3.4068643505607805,1927-11-01
95,1927.0,12.0,541.3465952932099,21.31285808240984,1927-12-01
96,1928.0,1.0,22.96639449508102,0.904188759648859,1928-01-01
97,1928.0,2.0,18.178477346161262,0.715688084494538,1928-02-01
98,1928.0,3.0,48.860029055748456,1.9236231911711992,1928-03-01
99,1928.0,4.0,67.3591640142747,2.651935591113177,1928-04-01
100,1928.0,5.0,9.836692527488426,0.387271359349938,1928-05-01
101,1928.0,6.0,10.454515245225696,0.4115950883947124,1928-06-01
102,1928.0,7.0,14.046781563464506,0.55302289619939,1928-07-01
103,1928.0,8.0,15.373914930555555,0.605272241360455,1928-08-01
104,1928.0,9.0,14.23253188898534,0.5603359011411552,1928-09-01
105,1928.0,10.0,24.79907829378858,0.9763416651097866,1928-10-01
106,1928.0,11.0,107.22862413194444,4.221599375273404,1928-11-01
107,1928.0,12.0,34.71817732445987,1.3668573749787352,1928-12-01
108,1929.0,1.0,47.92945240162037,1.8869863150244244,1929-01-01
109,1929.0,2.0,70.14582127700618,2.7616465069687472,1929-02-01
110,1929.0,3.0,15.81533474392361,0.622650974170221,1929-03-01
111,1929.0,4.0,31.27905574845679,1.2314588877345194,1929-04-01
112,1929.0,5.0,34.10836226851852,1.3428489082093906,1929-05-01
113,1929.0,6.0,8.002004364390432,0.3150395419051351,1929-06-01
114,1929.0,7.0,18.32723735291281,0.7215447776737327,1929-07-01
115,1929.0,8.0,66.80098620756173,2.6299600869118795,1929-08-01
116,1929.0,9.0,42.01960358796296,1.6543151018883058,1929-09-01
117,1929.0,10.0,40.968114028742285,1.612917875147334,1929-10-01
118,1929.0,11.0,151.75249565972223,5.974507703138671,1929-11-01
119,1929.0,12.0,195.26784336419752,7.687710368669194,1929-12-01
120,1930.0,1.0,200.3320553626544,7.887088793805289,1930-01-01
121,1930.0,2.0,38.802571614583336,1.5276602997867457,1930-02-01
122,1930.0,3.0,102.41606385030865,4.032128498043647,1930-03-01
123,1930.0,4.0,11.8641515661169,0.467092581343185,1930-04-01
124,1930.0,5.0,2.538058810763889,0.0999235752269247,1930-05-01
125,1930.0,6.0,6.1385524420090665,0.2416752929924829,1930-06-01
126,1930.0,7.0,7.769025637779706,0.3058671510936892,1930-07-01
127,1930.0,8.0,21.328322422357253,0.8396977331636715,1930-08-01
128,1930.0,9.0,102.79201630015432,4.0469297755966265,1930-09-01
129,1930.0,10.0,78.57167486496914,3.093373026179888,1930-10-01
130,1930.0,11.0,88.70875530478395,3.492470681290707,1930-11-01
131,1930.0,12.0,16.082124686535494,0.6331545152179329,1930-12-01
132,1931.0,1.0,16.05088824990355,0.6319247342481713,1931-01-01
133,1931.0,2.0,9.38032211492091,0.3693040202724768,1931-02-01
134,1931.0,3.0,40.89863944347994,1.6101826552551155,1931-03-01
135,1931.0,4.0,36.46240535783179,1.4355277699933775,1931-04-01
136,1931.0,5.0,80.92707730516975,3.1861054057153444,1931-05-01
137,1931.0,6.0,3.736803596402392,0.1471182518268658,1931-06-01
138,1931.0,7.0,8.287715958960263,0.3262880298803253,1931-07-01
139,1931.0,8.0,49.88504894868827,1.963978305066468,1931-08-01
140,1931.0,9.0,36.89165280189043,1.4524272756649776,1931-09-01
141,1931.0,10.0,62.08925901813272,2.444459016461918,1931-10-01
142,1931.0,11.0,11.24703640407986,0.4427967088220418,1931-11-01
143,1931.0,12.0,58.941731770833336,2.3205406208989503,1931-12-01
144,1932.0,1.0,33.259443118248456,1.3094268944192309,1932-01-01
145,1932.0,2.0,324.83984375,12.788970226377954,1932-02-01
146,1932.0,3.0,76.38228804976852,3.0071766948727765,1932-03-01
147,1932.0,4.0,26.062340253665123,1.0260763879395718,1932-04-01
148,1932.0,5.0,23.25562126253858,0.9155756402574244,1932-05-01
149,1932.0,6.0,50.89741874035494,2.003835383478541,1932-06-01
150,1932.0,7.0,15.596299913194445,0.6140275556375766,1932-07-01
151,1932.0,8.0,45.57379979263117,1.7942440863240618,1932-08-01
152,1932.0,9.0,27.816348982445987,1.095131849702598,1932-09-01
153,1932.0,10.0,17.816865897472994,0.7014514132863384,1932-10-01
154,1932.0,11.0,157.56195746527777,6.20322667186133,1932-11-01
155,1932.0,12.0,44.69255762924383,1.7595495129623555,1932-12-01
156,1933.0,1.0,55.50638382523148,2.185290701780767,1933-01-01
157,1933.0,2.0,151.07250675154322,5.947736486281229,1933-02-01
158,1933.0,3.0,231.13358410493828,9.099747405706232,1933-03-01
159,1933.0,4.0,24.13486056857639,0.9501913609675744,1933-04-01
160,1933.0,5.0,12.864006136670524,0.5064569345145876,1933-05-01
161,1933.0,6.0,7.353010766300154,0.2894886128464627,1933-06-01
162,1933.0,7.0,6.165292998890818,0.2427280708224731,1933-07-01
163,1933.0,8.0,6.372361924913195,0.250880390744614,1933-08-01
164,1933.0,9.0,7.963971173321759,0.313542172178022,1933-09-01
165,1933.0,10.0,7.607873987268518,0.2995225979239574,1933-10-01
166,1933.0,11.0,22.45863624855324,0.8841982775020961,1933-11-01
167,1933.0,12.0,139.5560257523148,5.494331722532079,1933-12-01
168,1934.0,1.0,62.01857880015432,2.441676330714737,1934-01-01
169,1934.0,2.0,82.36824242862654,3.2428441901034075,1934-02-01
170,1934.0,3.0,27.200532889660497,1.070887121640177,1934-03-01
171,1934.0,4.0,53.75466579861112,2.11632542514217,1934-04-01
172,1934.0,5.0,38.4343894675926,1.513164939669,1934-05-01
173,1934.0,6.0,50.20111762152778,1.976421953603456,1934-06-01
174,1934.0,7.0,20.01852756076389,0.788131006329287,1934-07-01
175,1934.0,8.0,14.914511598186728,0.5871854959916035,1934-08-01
176,1934.0,9.0,77.41264588155865,3.047741963840892,1934-09-01
177,1934.0,10.0,40.10318407600309,1.5788655148032713,1934-10-01
178,1934.0,11.0,63.2559497974537,2.490391724309201,1934-11-01
179,1934.0,12.0,44.00142264660494,1.732339474275785,1934-12-01
180,1935.0,1.0,107.387393904321,4.227850153713425,1935-01-01
181,1935.0,2.0,119.41872829861111,4.701524736165792,1935-02-01
182,1935.0,3.0,110.8172622492284,4.362884340520803,1935-03-01
183,1935.0,4.0,5.885737289617091,0.2317219405361059,1935-04-01
184,1935.0,5.0,7.236809624565972,0.2849137647466918,1935-05-01
185,1935.0,6.0,9.583134403935183,0.3772887560604404,1935-06-01
186,1935.0,7.0,10.605274341724536,0.4175304858946668,1935-07-01
187,1935.0,8.0,13.135819046585649,0.5171582301805374,1935-08-01
188,1935.0,9.0,75.4599307966821,2.970863417192209,1935-09-01
189,1935.0,10.0,123.8852840470679,4.877373387679839,1935-10-01
190,1935.0,11.0,68.29856288580247,2.688919798653641,1935-11-01
191,1935.0,12.0,37.9912109375,1.4957169660433072,1935-12-01
192,1936.0,1.0,95.97823230131172,3.77867056304377,1936-01-01
193,1936.0,2.0,81.23828727816358,3.198357766856834,1936-02-01
194,1936.0,3.0,29.22314453125,1.150517501230315,1936-03-01
195,1936.0,4.0,54.196126302083336,2.133705759924541,1936-04-01
196,1936.0,5.0,11.33637680242091,0.4463140473394059,1936-05-01
197,1936.0,6.0,8.960184733072916,0.3527631784674376,1936-06-01
198,1936.0,7.0,9.698277602961031,0.3818219528724816,1936-07-01
199,1936.0,8.0,56.19215374228395,2.212289517412754,1936-08-01
200,1936.0,9.0,49.31435667438272,1.9415101052906585,1936-09-01
201,1936.0,10.0,255.413459683642,10.055648019041024,1936-10-01
202,1936.0,11.0,71.64111328125,2.8205162709153546,1936-11-01
203,1936.0,12.0,90.66569010416669,3.569515358431759,1936-12-01
204,1937.0,1.0,171.5209297839506,6.752792511179158,1937-01-01
205,1937.0,2.0,161.9427203896605,6.375697653136241,1937-02-01
206,1937.0,3.0,112.44890528549382,4.427122255334402,1937-03-01
207,1937.0,4.0,84.81038411458333,3.338991500574147,1937-04-01
208,1937.0,5.0,95.22665895061728,3.749081061047925,1937-05-01
209,1937.0,6.0,6.6991908697434415,0.2637476720371434,1937-06-01
210,1937.0,7.0,13.055971498842592,0.5140146259386849,1937-07-01
211,1937.0,8.0,39.49287772472994,1.5548377056980291,1937-08-01
212,1937.0,9.0,28.317536530671298,1.1148636429398149,1937-09-01
213,1937.0,10.0,46.77936619888117,1.8417073306646128,1937-10-01
214,1937.0,11.0,29.045006269290123,1.14350418383032,1937-11-01
215,1937.0,12.0,132.22624903549382,5.205757836043064,1937-12-01
216,1938.0,1.0,107.24991560570987,4.222437622272042,1938-01-01
217,1938.0,2.0,213.6687885802469,8.412157030718383,1938-02-01
218,1938.0,3.0,55.47353636188272,2.183997494562312,1938-03-01
219,1938.0,4.0,58.59744526427469,2.3069860340265627,1938-04-01
220,1938.0,5.0,41.63222173996913,1.6390638480302808,1938-05-01
221,1938.0,6.0,25.21916142216435,0.9928803709513524,1938-06-01
222,1938.0,7.0,9.113288785204476,0.3587908970552943,1938-07-01
223,1938.0,8.0,119.86094232253086,4.7189347371075145,1938-08-01
224,1938.0,9.0,8.85688461492091,0.3486962446819256,1938-09-01
225,1938.0,10.0,59.20622347608025,2.33095368016064,1938-10-01
226,1938.0,11.0,38.61999361014661,1.5204721893758508,1938-11-01
227,1938.0,12.0,41.48918848861883,1.6334326176621587,1938-12-01
228,1939.0,1.0,31.58091001157408,1.243342913841499,1939-01-01
229,1939.0,2.0,129.8109447337963,5.110667115503792,1939-02-01
230,1939.0,3.0,114.08615451388889,4.491580886373578,1939-03-01
231,1939.0,4.0,58.094804928626544,2.287197044434116,1939-04-01
232,1939.0,5.0,37.56812427662037,1.479060010890566,1939-05-01
233,1939.0,6.0,14.076060353973766,0.5541756044871562,1939-06-01
234,1939.0,7.0,7.32294605396412,0.2883049627544929,1939-07-01
235,1939.0,8.0,14.003481264467592,0.5513181600184093,1939-08-01
236,1939.0,9.0,21.43504050925926,0.8438992326480024,1939-09-01
237,1939.0,10.0,384.4026089891975,15.133960983826675,1939-10-01
238,1939.0,11.0,60.06740089699074,2.364858303031132,1939-11-01
239,1939.0,12.0,50.358091001157405,1.982602007919583,1939-12-01
240,1940.0,1.0,129.4613956404321,5.096905340174493,1940-01-01
241,1940.0,2.0,15.054951232156636,0.5927146154392376,1940-02-01
242,1940.0,3.0,76.8730167341821,3.026496721818193,1940-03-01
243,1940.0,4.0,29.75880413290895,1.1716064619255493,1940-04-01
244,1940.0,5.0,40.07509886188272,1.577759797711918,1940-05-01
245,1940.0,6.0,13.22775607638889,0.5207777982830272,1940-06-01
246,1940.0,7.0,8.56424289279514,0.3371749170391787,1940-07-01
247,1940.0,8.0,18.973462516878858,0.7469867132629472,1940-08-01
248,1940.0,9.0,9.18203471619406,0.3614974297714196,1940-09-01
249,1940.0,10.0,34.75456633391204,1.3682900131461433,1940-10-01
250,1940.0,11.0,131.8036506558642,5.189120104561583,1940-11-01
251,1940.0,12.0,37.05878062307099,1.459007111144527,1940-12-01
252,1941.0,1.0,48.14980589313272,1.8956616493359333,1941-01-01
253,1941.0,2.0,18.32749656394676,0.7215549828325496,1941-02-01
254,1941.0,3.0,18.40917516637732,0.7247706758416266,1941-03-01
255,1941.0,4.0,7.044654375241127,0.277348597450438,1941-04-01
256,1941.0,5.0,8.99544044777199,0.3541511987311807,1941-05-01
257,1941.0,6.0,23.62602930893133,0.9301586342098948,1941-06-01
258,1941.0,7.0,5.538423514660494,0.2180481698685233,1941-07-01
259,1941.0,8.0,18.56570698302469,0.7309333457883737,1941-08-01
260,1941.0,9.0,25.843650535300927,1.0174665565079106,1941-09-01
261,1941.0,10.0,91.0941116898148,3.586382349992709,1941-10-01
262,1941.0,11.0,12.81768120659722,0.5046331183699694,1941-11-01
263,1941.0,12.0,28.597502531828702,1.125885926449949,1941-12-01
264,1942.0,1.0,16.864819938753858,0.6639692889273172,1942-01-01
265,1942.0,2.0,57.95811631944444,2.281815603127734,1942-02-01
266,1942.0,3.0,50.06961323302469,1.971244615473413,1942-03-01
267,1942.0,4.0,57.3471981095679,2.2577637051010986,1942-04-01
268,1942.0,5.0,16.612202208719136,0.6540237090046904,1942-05-01
269,1942.0,6.0,7.996849531008873,0.3148365957090108,1942-06-01
270,1942.0,7.0,27.13178771219136,1.068180618590211,1942-07-01
271,1942.0,8.0,27.34229721257716,1.0764683941959512,1942-08-01
272,1942.0,9.0,49.41722427179784,1.9455600107007025,1942-09-01
273,1942.0,10.0,110.3681640625,4.345203309547244,1942-10-01
274,1942.0,11.0,58.96301118827161,2.32137839323904,1942-11-01
275,1942.0,12.0,279.72405478395063,11.012758062360264,1942-12-01
276,1943.0,1.0,209.6005256558642,8.251989199049772,1943-01-01
277,1943.0,2.0,36.71236014660494,1.4453685097088558,1943-02-01
278,1943.0,3.0,44.90471583236883,1.7679021981247571,1943-03-01
279,1943.0,4.0,11.489790551456403,0.4523539587187561,1943-04-01
280,1943.0,5.0,63.0342701099537,2.4816641775572323,1943-05-01
281,1943.0,6.0,8.837142379195601,0.3479189913069134,1943-06-01
282,1943.0,7.0,4.54257051444348,0.1788413588363575,1943-07-01
283,1943.0,8.0,10.722348813657408,0.4221397170731262,1943-08-01
284,1943.0,9.0,7.06921989535108,0.2783157439114598,1943-09-01
285,1943.0,10.0,32.78400185667438,1.2907087345147394,1943-10-01
286,1943.0,11.0,8.610274703414351,0.3389871930478091,1943-11-01
287,1943.0,12.0,29.811912254050927,1.173697332836651,1943-12-01
288,1944.0,1.0,3.103770314911265,0.1221956816894199,1944-01-01
289,1944.0,2.0,135.44023678626544,5.332292786860845,1944-02-01
290,1944.0,3.0,217.98640046296296,8.582141750510353,1944-03-01
291,1944.0,4.0,9.686350127797068,0.381352367236105,1944-04-01
292,1944.0,5.0,23.110734350887345,0.9098714311372972,1944-05-01
293,1944.0,6.0,44.62661554783951,1.7569533680251774,1944-06-01
294,1944.0,7.0,3.5224793987509644,0.138680291289408,1944-07-01
295,1944.0,8.0,3.612964017891589,0.1422426778697476,1944-08-01
296,1944.0,9.0,19.752254533179013,0.7776478162668903,1944-09-01
297,1944.0,10.0,21.95459285783179,0.8643540495209368,1944-10-01
298,1944.0,11.0,26.501063970871915,1.0433489752311778,1944-11-01
299,1944.0,12.0,60.76241801697531,2.3922211817706818,1944-12-01
300,1945.0,1.0,9.527213390962578,0.3750871413764794,1945-01-01
301,1945.0,2.0,23.392988040123456,0.9209837811072228,1945-02-01
302,1945.0,3.0,23.33125361689815,0.9185532920038642,1945-03-01
303,1945.0,4.0,332.25465374228395,13.08089187961748,1945-04-01
304,1945.0,5.0,14.504551263503089,0.5710453253347673,1945-05-01
305,1945.0,6.0,10.973829481336804,0.4320405307612915,1945-06-01
306,1945.0,7.0,61.50541329089506,2.421472964208468,1945-07-01
307,1945.0,8.0,7.56585090543017,0.2978681458830776,1945-08-01
308,1945.0,9.0,29.10050154320988,1.1456890371342472,1945-09-01
309,1945.0,10.0,46.96916594328704,1.8491797615467336,1945-10-01
310,1945.0,11.0,28.713252314814813,1.1304430045202682,1945-11-01
311,1945.0,12.0,175.59336419753086,6.91312457470594,1945-12-01
312,1946.0,1.0,141.05043161651236,5.55316659907529,1946-01-01
313,1946.0,2.0,61.64240330825617,2.4268662719785894,1946-02-01
314,1946.0,3.0,11.52300723982446,0.4536617023552937,1946-03-01
315,1946.0,4.0,30.445213035300927,1.1986304344606664,1946-04-01
316,1946.0,5.0,5.550818926022377,0.2185361781898573,1946-05-01
317,1946.0,6.0,3.2137952262972607,0.1265273711140654,1946-06-01
318,1946.0,7.0,11.615669156298225,0.4573098093030797,1946-07-01
319,1946.0,8.0,38.66531032986112,1.5222563121992565,1946-08-01
320,1946.0,9.0,8.42635769314236,0.3317463658717465,1946-09-01
321,1946.0,10.0,34.70005666473765,1.3661439631786478,1946-10-01
322,1946.0,11.0,57.47404875578704,2.262757825030986,1946-11-01
323,1946.0,12.0,166.3711540316358,6.55004543431637,1946-12-01
324,1947.0,1.0,25.331169222608025,0.9972901268743316,1947-01-01
325,1947.0,2.0,24.492192021122687,0.964259528390657,1947-02-01
326,1947.0,3.0,41.82420066550926,1.6466220734452466,1947-03-01
327,1947.0,4.0,7.277431158371914,0.2865130377311777,1947-04-01
328,1947.0,5.0,77.14753327546296,3.0373044596638965,1947-05-01
329,1947.0,6.0,7.407239372347608,0.29162359733652,1947-06-01
330,1947.0,7.0,5.700623312114198,0.2244339886659133,1947-07-01
331,1947.0,8.0,19.60543559510031,0.7718675431141855,1947-08-01
332,1947.0,9.0,59.42459972993827,2.3395511704700107,1947-09-01
333,1947.0,10.0,8.810466248312114,0.3468687499335478,1947-10-01
334,1947.0,11.0,34.10832308545525,1.3428473655691042,1947-11-01
335,1947.0,12.0,56.51737316743827,2.2250934317889084,1947-12-01
336,1948.0,1.0,251.4399112654321,9.899209104938272,1948-01-01
337,1948.0,2.0,63.13363233024691,2.485576075993973,1948-02-01
338,1948.0,3.0,44.97102261766975,1.7705127014830613,1948-03-01
339,1948.0,4.0,39.24674479166666,1.545147432742782,1948-04-01
340,1948.0,5.0,11.855813862364968,0.4667643252899594,1948-05-01
341,1948.0,6.0,19.672560703607253,0.7745102639215454,1948-06-01
342,1948.0,7.0,7.390202275028935,0.2909528454735801,1948-07-01
343,1948.0,8.0,26.10915798611111,1.027919605752406,1948-08-01
344,1948.0,9.0,23.03765643084491,0.9069943476710596,1948-09-01
345,1948.0,10.0,4.246537573543596,0.1671865186434486,1948-10-01
346,1948.0,11.0,71.50626326195987,2.8152072150377903,1948-11-01
347,1948.0,12.0,26.20946662808642,1.0318687648852922,1948-12-01
348,1949.0,1.0,352.9303867669753,13.894897116810052,1949-01-01
349,1949.0,2.0,120.83947000385804,4.757459448970788,1949-02-01
350,1949.0,3.0,17.746906045042437,0.6986970883874976,1949-03-01
351,1949.0,4.0,4.201017026548032,0.1653943711239383,1949-04-01
352,1949.0,5.0,19.512164834104937,0.7681954659096432,1949-05-01
353,1949.0,6.0,34.08813777970679,1.3420526684923937,1949-06-01
354,1949.0,7.0,14.49112503616898,0.5705167337074403,1949-07-01
355,1949.0,8.0,1.7286363766517168,0.0680565502618786,1949-08-01
356,1949.0,9.0,4.23186954451196,0.1666090371855102,1949-09-01
357,1949.0,10.0,6.974213023244599,0.2745753158757716,1949-10-01
358,1949.0,11.0,17.98493109809028,0.7080681534681212,1949-11-01
359,1949.0,12.0,179.84705343364195,7.080592654867795,1949-12-01
360,1950.0,1.0,309.95042438271605,12.202772613492758,1950-01-01
361,1950.0,2.0,31.771240234375,1.2508362296998032,1950-02-01
362,1950.0,3.0,36.38569999035494,1.4325078736360213,1950-03-01
363,1950.0,4.0,99.17283347800924,3.9044422629137503,1950-04-01
364,1950.0,5.0,19.839656876929013,0.7810888534224021,1950-05-01
365,1950.0,6.0,3.8472229757426697,0.1514654714859319,1950-06-01
366,1950.0,7.0,5.493667037398727,0.2162861038345955,1950-07-01
367,1950.0,8.0,75.38844280478395,2.9680489293222028,1950-08-01
368,1950.0,9.0,10.31812729070216,0.4062254838859118,1950-09-01
369,1950.0,10.0,11.422370816454476,0.4496996384430896,1950-10-01
370,1950.0,11.0,43.88384934413581,1.727710604099835,1950-11-01
371,1950.0,12.0,139.35470920138889,5.486405874070429,1950-12-01
372,1951.0,1.0,71.38615813078704,2.8104786665664188,1951-01-01
373,1951.0,2.0,108.08106674382717,4.255160108024692,1951-02-01
374,1951.0,3.0,447.8043016975309,17.63009061801303,1951-03-01
375,1951.0,4.0,17.37804271556713,0.6841749100616981,1951-04-01
376,1951.0,5.0,25.74675383391204,1.0136517257445683,1951-05-01
377,1951.0,6.0,14.025161554783953,0.5521717147552737,1951-06-01
378,1951.0,7.0,7.663165810667438,0.3016994413648597,1951-07-01
379,1951.0,8.0,18.70953595196759,0.7365959036207713,1951-08-01
380,1951.0,9.0,106.67625144675924,4.199852419163751,1951-09-01
381,1951.0,10.0,201.934944058642,7.950194647978031,1951-10-01
382,1951.0,11.0,12.2525175118152,0.4823825792053229,1951-11-01
383,1951.0,12.0,179.19749469521605,7.055019476189608,1951-12-01
384,1952.0,1.0,137.71061197916666,5.421677636975065,1952-01-01
385,1952.0,2.0,15.050384898244598,0.5925348385135669,1952-02-01
386,1952.0,3.0,53.3954173900463,2.102181787009697,1952-03-01
387,1952.0,4.0,6.69830322265625,0.2637127253014272,1952-04-01
388,1952.0,5.0,12.737392095871911,0.5014721297587368,1952-05-01
389,1952.0,6.0,2.8255858244719327,0.1112435363965328,1952-06-01
390,1952.0,7.0,5.734327528211805,0.2257609263075514,1952-07-01
391,1952.0,8.0,1.680328557520737,0.0661546676189266,1952-08-01
392,1952.0,9.0,12.038786711516204,0.4739679807683545,1952-09-01
393,1952.0,10.0,98.89837119020062,3.893636661031521,1952-10-01
394,1952.0,11.0,34.95482795621142,1.3761743289847015,1952-11-01
395,1952.0,12.0,12.653023425443672,0.4981505285607745,1952-12-01
396,1953.0,1.0,44.53894193672839,1.753501651052299,1953-01-01
397,1953.0,2.0,34.49072868441358,1.357902704110771,1953-02-01
398,1953.0,3.0,74.27368465470678,2.9241608131774326,1953-03-01
399,1953.0,4.0,14.34266040943287,0.5646716696627114,1953-04-01
400,1953.0,5.0,6.913758077739198,0.272195199910992,1953-05-01
401,1953.0,6.0,4.569447835286458,0.17989952107427,1953-06-01
402,1953.0,7.0,3.863813612196181,0.1521186461494559,1953-07-01
403,1953.0,8.0,3.197443832585841,0.1258836154561354,1953-08-01
404,1953.0,9.0,4.457999147014854,0.1755117774415296,1953-09-01
405,1953.0,10.0,17.053070445119598,0.671380726185811,1953-10-01
406,1953.0,11.0,7.297804844232253,0.2873151513477265,1953-11-01
407,1953.0,12.0,92.29013551311728,3.633469902091232,1953-12-01
408,1954.0,1.0,50.69092399691358,1.9957056691698265,1954-01-01
409,1954.0,2.0,101.30843701774693,3.9885211424309808,1954-02-01
410,1954.0,3.0,99.49510513117283,3.9171301232745215,1954-03-01
411,1954.0,4.0,73.30000361689815,2.8858269140511084,1954-04-01
412,1954.0,5.0,9.022517451533565,0.3552172225013215,1954-05-01
413,1954.0,6.0,10.758927710262345,0.4235798311126907,1954-06-01
414,1954.0,7.0,31.15073423032408,1.2264068594615778,1954-07-01
415,1954.0,8.0,8.510533462336033,0.3350603725329147,1954-08-01
416,1954.0,9.0,17.112818588445215,0.6737330152931187,1954-09-01
417,1954.0,10.0,31.33971113040124,1.2338468948976864,1954-10-01
418,1954.0,11.0,304.4039351851852,11.984406897054535,1954-11-01
419,1954.0,12.0,103.98448350694444,4.093877303423009,1954-12-01
420,1955.0,1.0,95.98222897376544,3.7788279123529698,1955-01-01
421,1955.0,2.0,355.19919463734567,13.984220261312824,1955-02-01
422,1955.0,3.0,136.62166039737653,5.37880552745577,1955-03-01
423,1955.0,4.0,9.46786838107639,0.3727507236644248,1955-04-01
424,1955.0,5.0,22.74530858169368,0.8954845898304596,1955-05-01
425,1955.0,6.0,2.604247670114776,0.1025294358312904,1955-06-01
426,1955.0,7.0,12.049812222704476,0.4744020560119872,1955-07-01
427,1955.0,8.0,42.71368935667438,1.6816413132548969,1955-08-01
428,1955.0,9.0,50.90248842592592,2.0040349773986583,1955-09-01
429,1955.0,10.0,21.49021026234568,0.8460712701710899,1955-10-01
430,1955.0,11.0,118.0071735146605,4.64595171317561,1955-11-01
431,1955.0,12.0,189.73554446373456,7.46990332534388,1955-12-01
432,1956.0,1.0,176.75587143132717,6.958892576036503,1956-01-01
433,1956.0,2.0,122.71198640046296,4.831180566947361,1956-02-01
434,1956.0,3.0,18.529123565297063,0.729493053751853,1956-03-01
435,1956.0,4.0,29.94300672743056,1.178858532576006,1956-04-01
436,1956.0,5.0,17.63051727671682,0.694114853414048,1956-05-01
437,1956.0,6.0,5.901687433690201,0.2323498989641811,1956-06-01
438,1956.0,7.0,13.558075327932098,0.5337824932256732,1956-07-01
439,1956.0,8.0,16.519889925733025,0.6503893671548435,1956-08-01
440,1956.0,9.0,37.91441213348765,1.4926933910821911,1956-09-01
441,1956.0,10.0,47.602231626157405,1.874103607329032,1956-10-01
442,1956.0,11.0,140.3546489197531,5.525773579517838,1956-11-01
443,1956.0,12.0,91.56346450617283,3.60486080732964,1956-12-01
444,1957.0,1.0,462.40036651234567,18.204738839068728,1957-01-01
445,1957.0,2.0,39.70476767457562,1.5631798297077018,1957-02-01
446,1957.0,3.0,11.946845914110725,0.4703482643350679,1957-03-01
447,1957.0,4.0,40.75171199845679,1.6043981101754643,1957-04-01
448,1957.0,5.0,7.790877730758102,0.3067274697148859,1957-05-01
449,1957.0,6.0,3.715606312692901,0.1462837130981457,1957-06-01
450,1957.0,7.0,6.583299424913195,0.2591850167288659,1957-07-01
451,1957.0,8.0,10.526624137972608,0.4144340211800239,1957-08-01
452,1957.0,9.0,3.37576143241223,0.1329039934020563,1957-09-01
453,1957.0,10.0,5.288059564284336,0.2081913214285171,1957-10-01
454,1957.0,11.0,98.40665388695987,3.874277712085034,1957-11-01
455,1957.0,12.0,139.63650173611111,5.497500068350831,1957-12-01
456,1958.0,1.0,26.00156430844908,1.0236836341909084,1958-01-01
457,1958.0,2.0,110.79490981867283,4.3620043235697965,1958-02-01
458,1958.0,3.0,265.1841724537037,10.440321750145817,1958-03-01
459,1958.0,4.0,10.342839747299385,0.4071984152480072,1958-04-01
460,1958.0,5.0,6.454717188705633,0.2541227239647887,1958-05-01
461,1958.0,6.0,8.37016918041088,0.3295342197012157,1958-06-01
462,1958.0,7.0,32.73151765046296,1.2886424271835812,1958-07-01
463,1958.0,8.0,114.05678530092592,4.49042461814669,1958-08-01
464,1958.0,9.0,19.20253273292824,0.7560052257058363,1958-09-01
465,1958.0,10.0,94.84507016782408,3.7340578806229954,1958-10-01
466,1958.0,11.0,10.407429259500386,0.4097413094291491,1958-11-01
467,1958.0,12.0,68.25861424575618,2.687347017549456,1958-12-01
468,1959.0,1.0,126.4502555941358,4.978356519454166,1959-01-01
469,1959.0,2.0,70.91711275077161,2.7920123130225045,1959-02-01
470,1959.0,3.0,12.541991433979552,0.4937791903141556,1959-03-01
471,1959.0,4.0,7.245479630835263,0.2852551035761914,1959-04-01
472,1959.0,5.0,12.074786904417438,0.4753853111975369,1959-05-01
473,1959.0,6.0,2.140186451099537,0.0842593090984069,1959-06-01
474,1959.0,7.0,7.418183503327547,0.2920544686349428,1959-07-01
475,1959.0,8.0,81.87266710069444,3.2233333504210413,1959-08-01
476,1959.0,9.0,9.226261091820987,0.3632386256622436,1959-09-01
477,1959.0,10.0,8.108123402536652,0.3192174567927816,1959-10-01
478,1959.0,11.0,63.55982349537037,2.502355255723243,1959-11-01
479,1959.0,12.0,8.401034131462191,0.330749375254417,1959-12-01
480,1960.0,1.0,23.00714337384259,0.9057930462142754,1960-01-01
481,1960.0,2.0,57.531870900848766,2.265034287434991,1960-02-01
482,1960.0,3.0,83.92834924768519,3.304265718412803,1960-03-01
483,1960.0,4.0,2.634191254038869,0.1037083170881444,1960-04-01
484,1960.0,5.0,53.90933039158951,2.122414582346044,1960-05-01
485,1960.0,6.0,6.629983784239969,0.2610229836314948,1960-06-01
486,1960.0,7.0,15.971759560667438,0.6288094315223401,1960-07-01
487,1960.0,8.0,5.014758074725116,0.1974314202647683,1960-08-01
488,1960.0,9.0,24.06391209731868,0.9473981140676644,1960-09-01
489,1960.0,10.0,33.2145694685571,1.307660215297524,1960-10-01
490,1960.0,11.0,11.145403073157793,0.4387953965810154,1960-11-01
491,1960.0,12.0,98.68668016975307,3.885302368887917,1960-12-01
492,1961.0,1.0,107.6469425154321,4.238068602969768,1961-01-01
493,1961.0,2.0,14.432089723186728,0.5681925087868791,1961-02-01
494,1961.0,3.0,17.72754509066358,0.6979348460891173,1961-03-01
495,1961.0,4.0,38.12496684510031,1.5009829466574929,1961-04-01
496,1961.0,5.0,78.80312620563272,3.102485283686328,1961-05-01
497,1961.0,6.0,11.857069227430555,0.4668137491114392,1961-06-01
498,1961.0,7.0,14.077573423032408,0.5542351741351341,1961-07-01
499,1961.0,8.0,7.24919750072338,0.2854014764064322,1961-08-01
500,1961.0,9.0,18.69346336082176,0.7359631244418016,1961-09-01
501,1961.0,10.0,57.56887176890432,2.266491014523792,1961-10-01
502,1961.0,11.0,58.00173611111112,2.2835329177602803,1961-11-01
503,1961.0,12.0,61.26957344714506,2.412187930989963,1961-12-01
504,1962.0,1.0,145.75319492669752,5.738314760893603,1962-01-01
505,1962.0,2.0,85.94727165316358,3.383750852486755,1962-02-01
506,1962.0,3.0,238.34220679012347,9.383551448430058,1962-03-01
507,1962.0,4.0,74.32918595679013,2.926345903810635,1962-04-01
508,1962.0,5.0,88.49295910493827,3.483974767910956,1962-05-01
509,1962.0,6.0,30.644085165895063,1.2064600459013806,1962-06-01
510,1962.0,7.0,3.0388420952690973,0.1196394525696495,1962-07-01
511,1962.0,8.0,3.6302083333333335,0.1429215879265092,1962-08-01
512,1962.0,9.0,26.080849729938272,1.0268051074778848,1962-09-01
513,1962.0,10.0,89.37308907214506,3.5186255540214595,1962-10-01
514,1962.0,11.0,1.142950740861304,0.0449980606638308,1962-11-01
515,1962.0,12.0,99.76725260416669,3.9278445907152233,1962-12-01
516,1963.0,1.0,287.772834683642,11.329639160773306,1963-01-01
517,1963.0,2.0,43.895622347608025,1.7281741081735444,1963-02-01
518,1963.0,3.0,211.8401572145061,8.340163669862449,1963-03-01
519,1963.0,4.0,280.71375868055554,11.051722782699038,1963-04-01
520,1963.0,5.0,111.80283082561728,4.401686252977059,1963-05-01
521,1963.0,6.0,24.531754858699845,0.9658171204212538,1963-06-01
522,1963.0,7.0,16.520182291666668,0.650400877624672,1963-07-01
523,1963.0,8.0,7.776113251109182,0.3061461909885505,1963-08-01
524,1963.0,9.0,81.42255015432099,3.205612210800039,1963-09-01
525,1963.0,10.0,17.10781521267361,0.6735360319950241,1963-10-01
526,1963.0,11.0,15.207249770929783,0.5987106209027474,1963-11-01
527,1963.0,12.0,44.34467532310957,1.7458533591775425,1963-12-01
528,1964.0,1.0,62.31519458912037,2.4533541176819047,1964-01-01
529,1964.0,2.0,9.065896116657022,0.3569250439628749,1964-02-01
530,1964.0,3.0,148.0658878279321,5.829365662517012,1964-03-01
531,1964.0,4.0,32.880970896026234,1.2945264132293794,1964-04-01
532,1964.0,5.0,4.802198998722029,0.1890629527055917,1964-05-01
533,1964.0,6.0,2.600668824749228,0.1023885364074499,1964-06-01
534,1964.0,7.0,41.58707079475309,1.6372862517619329,1964-07-01
535,1964.0,8.0,4.151697229456018,0.1634526468289771,1964-08-01
536,1964.0,9.0,14.100730613425926,0.5551468745443278,1964-09-01
537,1964.0,10.0,11.135452835648149,0.4384036549467775,1964-10-01
538,1964.0,11.0,92.9382957175926,3.658988020377661,1964-11-01
539,1964.0,12.0,335.1223234953704,13.19379226359726,1964-12-01
540,1965.0,1.0,142.48216869212962,5.609534200477545,1965-01-01
541,1965.0,2.0,39.94414303626543,1.5726040565458832,1965-02-01
542,1965.0,3.0,36.58820710358796,1.4404805946294474,1965-03-01
543,1965.0,4.0,72.54007523148148,2.855908473680373,1965-04-01
544,1965.0,5.0,145.06418788580248,5.711188499441043,1965-05-01
545,1965.0,6.0,3.7498481656298224,0.1476318175444812,1965-06-01
546,1965.0,7.0,31.91549117476852,1.2565154005814378,1965-07-01
547,1965.0,8.0,45.02189730420525,1.7725156418978445,1965-08-01
548,1965.0,9.0,22.67786548755787,0.8928293499038532,1965-09-01
549,1965.0,10.0,130.9247082368827,5.154516072318217,1965-10-01
550,1965.0,11.0,330.4240451388889,13.008820674759408,1965-11-01
551,1965.0,12.0,130.62049093364195,5.142539013135512,1965-12-01
552,1966.0,1.0,33.78972559799383,1.330304157401332,1966-01-01
553,1966.0,2.0,133.6346691743827,5.261207447810343,1966-02-01
554,1966.0,3.0,27.04674238040124,1.064832377181151,1966-03-01
555,1966.0,4.0,33.61385693962191,1.3233801944733037,1966-04-01
556,1966.0,5.0,29.588276427469136,1.1648927727350054,1966-05-01
557,1966.0,6.0,3.7770325460551697,0.1487020687423295,1966-06-01
558,1966.0,7.0,30.8502815152392,1.214578012410992,1966-07-01
559,1966.0,8.0,18.86488172743056,0.7427118790326992,1966-08-01
560,1966.0,9.0,15.228288061824845,0.5995389000718443,1966-09-01
561,1966.0,10.0,60.27846498842592,2.3731679129301546,1966-10-01
562,1966.0,11.0,266.4190297067901,10.488938177432685,1966-11-01
563,1966.0,12.0,76.67289375964506,3.018617864552956,1966-12-01
564,1967.0,1.0,50.54100055459105,1.9898031714405928,1967-01-01
565,1967.0,2.0,41.3680736400463,1.628664316537256,1967-02-01
566,1967.0,3.0,214.8358410493827,8.458103978322155,1967-03-01
567,1967.0,4.0,41.90495997299383,1.6498015737399143,1967-04-01
568,1967.0,5.0,96.09763816550924,3.7833715813192623,1967-05-01
569,1967.0,6.0,34.946439766589506,1.3758440852987996,1967-06-01
570,1967.0,7.0,38.52006775655864,1.516538100651915,1967-07-01
571,1967.0,8.0,23.03337040653935,0.9068256065566674,1967-08-01
572,1967.0,9.0,39.68126085069444,1.5622543642005686,1967-09-01
573,1967.0,10.0,32.113480179398145,1.2643102432833917,1967-10-01
574,1967.0,11.0,46.86242826485339,1.84497749074226,1967-11-01
575,1967.0,12.0,203.53737461419752,8.013282465125886,1967-12-01
576,1968.0,1.0,222.1224681712963,8.74497906186206,1968-01-01
577,1968.0,2.0,99.05169150270062,3.8996728938071112,1968-02-01
578,1968.0,3.0,49.487630208333336,1.94833189796588,1968-03-01
579,1968.0,4.0,63.37756799768518,2.4951798424285507,1968-04-01
580,1968.0,5.0,18.60711443865741,0.7325635605770634,1968-05-01
581,1968.0,6.0,3.4689417709538968,0.1365725106674762,1968-06-01
582,1968.0,7.0,11.228720582561728,0.4420756134866822,1968-07-01
583,1968.0,8.0,2.4003058539496527,0.0945002304704587,1968-08-01
584,1968.0,9.0,52.0112606095679,2.04768742557354,1968-09-01
585,1968.0,10.0,105.29902102623456,4.145630749064353,1968-10-01
586,1968.0,11.0,160.93614969135805,6.336068885486537,1968-11-01
587,1968.0,12.0,316.05562789351853,12.443134956437738,1968-12-01
588,1969.0,1.0,342.86460744598764,13.49860659236172,1969-01-01
589,1969.0,2.0,41.29393928433642,1.625745641115607,1969-02-01
590,1969.0,3.0,41.11417040412809,1.6186681261467752,1969-03-01
591,1969.0,4.0,4.176106394073109,0.1644136375619334,1969-04-01
592,1969.0,5.0,50.19159915123457,1.9760472106785263,1969-05-01
593,1969.0,6.0,23.64813006365741,0.9310287426636776,1969-06-01
594,1969.0,7.0,15.071501555266204,0.5933662029632364,1969-07-01
595,1969.0,8.0,6.165197301793982,0.2427243032202355,1969-08-01
596,1969.0,9.0,19.4091480396412,0.7641396866000474,1969-09-01
597,1969.0,10.0,31.54009331597222,1.241735957321741,1969-10-01
598,1969.0,11.0,129.9017650462963,5.114242718358122,1969-11-01
599,1969.0,12.0,89.1745937017747,3.510810775660421,1969-12-01
600,1970.0,1.0,114.15492380401234,4.494288338740644,1970-01-01
601,1970.0,2.0,23.74272400655864,0.9347529136440412,1970-02-01
602,1970.0,3.0,2.373086058063272,0.0934285849631209,1970-03-01
603,1970.0,4.0,21.526896158854168,0.8475155968052822,1970-04-01
604,1970.0,5.0,5.975610426914545,0.2352602530281317,1970-05-01
605,1970.0,6.0,5.1510009765625,0.2027953140378937,1970-06-01
606,1970.0,7.0,18.32636326919368,0.7215103649288849,1970-07-01
607,1970.0,8.0,4.8377866391782405,0.1904640409125291,1970-08-01
608,1970.0,9.0,20.097148377218364,0.7912263140637151,1970-09-01
609,1970.0,10.0,56.18778332368827,2.212117453688515,1970-10-01
610,1970.0,11.0,101.60982108410494,4.000386656854525,1970-11-01
611,1970.0,12.0,12.062064465181328,0.4748844277630444,1970-12-01
612,1971.0,1.0,367.01032021604937,14.449225205356274,1971-01-01
613,1971.0,2.0,50.0380256558642,1.9700010100733936,1971-02-01
614,1971.0,3.0,63.64223451967592,2.5055997842392097,1971-03-01
615,1971.0,4.0,67.30415702160494,2.649769961480509,1971-04-01
616,1971.0,5.0,10.857814459153165,0.4274730102028805,1971-05-01
617,1971.0,6.0,67.12294439621914,2.64263560615036,1971-06-01
618,1971.0,7.0,2.6935579276379245,0.1060455877022805,1971-07-01
619,1971.0,8.0,6.35467830705054,0.2501841853169504,1971-08-01
620,1971.0,9.0,26.96678783275463,1.0616845603446703,1971-09-01
621,1971.0,10.0,41.58516288097994,1.6372111370464544,1971-10-01
622,1971.0,11.0,25.37008403260031,0.9988222060078864,1971-11-01
623,1971.0,12.0,148.40283805941357,5.842631419661952,1971-12-01
624,1972.0,1.0,146.72864824459876,5.776718434826723,1972-01-01
625,1972.0,2.0,148.17091049382717,5.8335004131428025,1972-02-01
626,1972.0,3.0,96.29612147955248,3.791185885021751,1972-03-01
627,1972.0,4.0,99.8663917824074,3.931747707968796,1972-04-01
628,1972.0,5.0,7.735469865210263,0.3045460576854434,1972-05-01
629,1972.0,6.0,20.017608265817906,0.7880948136148781,1972-06-01
630,1972.0,7.0,1.807543342496142,0.0711631237203205,1972-07-01
631,1972.0,8.0,20.075526861496915,0.7903750732872802,1972-08-01
632,1972.0,9.0,36.22475405092592,1.4261714193277923,1972-09-01
633,1972.0,10.0,87.36299189814815,3.439487870005833,1972-10-01
634,1972.0,11.0,25.94263298128858,1.021363503200338,1972-11-01
635,1972.0,12.0,107.29264322916669,4.224119812171916,1972-12-01
636,1973.0,1.0,41.407515914351855,1.6302171619823569,1973-01-01
637,1973.0,2.0,42.13455765335648,1.6588408524943496,1973-02-01
638,1973.0,3.0,9.519927601755402,0.3748002992817087,1973-03-01
639,1973.0,4.0,18.151863003954475,0.7146402757462392,1973-04-01
640,1973.0,5.0,26.685887466242285,1.0506254907969403,1973-05-01
641,1973.0,6.0,7.926899474344136,0.3120826564702416,1973-06-01
642,1973.0,7.0,12.537596149209104,0.4936061476066576,1973-07-01
643,1973.0,8.0,8.109944661458334,0.3192891598999344,1973-08-01
644,1973.0,9.0,8.087086618682484,0.3183892369560033,1973-09-01
645,1973.0,10.0,23.477465217496142,0.9243096542321316,1973-10-01
646,1973.0,11.0,47.4693919994213,1.868873700764618,1973-11-01
647,1973.0,12.0,141.32101176697532,5.5638193609045405,1973-12-01
648,1974.0,1.0,202.374397183642,7.967495952111889,1974-01-01
649,1974.0,2.0,42.63147123360339,1.6784043792757242,1974-02-01
650,1974.0,3.0,74.69247323495371,2.940648552557233,1974-03-01
651,1974.0,4.0,95.24996383101852,3.749998576024352,1974-04-01
652,1974.0,5.0,26.90771484375,1.059358852116142,1974-05-01
653,1974.0,6.0,28.658799913194443,1.1282992091808837,1974-06-01
654,1974.0,7.0,20.37565556278935,0.8021911638893445,1974-07-01
655,1974.0,8.0,5.232036449291088,0.2059856869799641,1974-08-01
656,1974.0,9.0,123.01713204089506,4.843194174838389,1974-09-01
657,1974.0,10.0,50.61306423611112,1.9926403242563435,1974-10-01
658,1974.0,11.0,78.72097439236111,3.099250960329178,1974-11-01
659,1974.0,12.0,19.80517879533179,0.7797314486351099,1974-12-01
660,1975.0,1.0,168.71796633873456,6.642439619635219,1975-01-01
661,1975.0,2.0,91.08134403935183,3.5858796865886555,1975-02-01
662,1975.0,3.0,47.686637972608025,1.8774266918349616,1975-03-01
663,1975.0,4.0,10.28098174672068,0.4047630608945149,1975-04-01
664,1975.0,5.0,12.318422670717592,0.4849772705006926,1975-05-01
665,1975.0,6.0,2.009691026475694,0.079121693955736,1975-06-01
666,1975.0,7.0,29.14623420621142,1.1474895356776151,1975-07-01
667,1975.0,8.0,1.9898798436294367,0.0783417261271431,1975-08-01
668,1975.0,9.0,3.329531069155093,0.1310839003604367,1975-09-01
669,1975.0,10.0,4.295090663580247,0.1690980576212695,1975-10-01
670,1975.0,11.0,282.49696180555554,11.121927630139982,1975-11-01
671,1975.0,12.0,26.392119984567906,1.0390598419121222,1975-12-01
672,1976.0,1.0,31.01014539930556,1.220871866114392,1976-01-01
673,1976.0,2.0,474.0868537808642,18.664836763026152,1976-02-01
674,1976.0,3.0,77.43012755594135,3.048430218737849,1976-03-01
675,1976.0,4.0,47.23509235146605,1.859649305175829,1976-04-01
676,1976.0,5.0,4.98941190743152,0.1964335396626582,1976-05-01
677,1976.0,6.0,8.262218334056714,0.3252841863801856,1976-06-01
678,1976.0,7.0,15.461850766782408,0.6087342821567877,1976-07-01
679,1976.0,8.0,17.529655550733025,0.6901439193201979,1976-08-01
680,1976.0,9.0,10.282898702739198,0.4048385316039054,1976-09-01
681,1976.0,10.0,13.055465133101851,0.5139946902796004,1976-10-01
682,1976.0,11.0,35.445445119598766,1.3954899653385342,1976-11-01
683,1976.0,12.0,4.73650520230517,0.1864765827679201,1976-12-01
684,1977.0,1.0,33.11406491126543,1.303703342963206,1977-01-01
685,1977.0,2.0,19.471745997299383,0.766604173122023,1977-02-01
686,1977.0,3.0,47.215669608410494,1.8588846302523816,1977-03-01
687,1977.0,4.0,61.03692250192901,2.4030284449578354,1977-04-01
688,1977.0,5.0,150.8907214506173,5.9405795846699725,1977-05-01
689,1977.0,6.0,32.711208767361114,1.2878428648567368,1977-06-01
690,1977.0,7.0,4.301160270785108,0.1693370185348468,1977-07-01
691,1977.0,8.0,5.261856644241898,0.2071597104032243,1977-08-01
692,1977.0,9.0,3.721619782624421,0.1465204638828512,1977-09-01
693,1977.0,10.0,14.374513225790896,0.5659257175508227,1977-10-01
694,1977.0,11.0,11.352950484664351,0.4469665545143446,1977-11-01
695,1977.0,12.0,92.42667944637346,3.638845647495018,1977-12-01
696,1978.0,1.0,38.18664701485339,1.5034112997973776,1978-01-01
697,1978.0,2.0,13.60375675154321,0.5355809744702051,1978-02-01
698,1978.0,3.0,31.57402283468364,1.2430717651450254,1978-03-01
699,1978.0,4.0,109.57069830246914,4.31380701978225,1978-04-01
700,1978.0,5.0,185.94476996527777,7.320660234853456,1978-05-01
701,1978.0,6.0,47.22572458526235,1.8592804954827693,1978-06-01
702,1978.0,7.0,9.130073453173225,0.3594517107548514,1978-07-01
703,1978.0,8.0,65.92891589506173,2.595626610041801,1978-08-01
704,1978.0,9.0,6.224755557966821,0.2450691164553866,1978-09-01
705,1978.0,10.0,236.90625,9.327017716535432,1978-10-01
706,1978.0,11.0,72.89615282600309,2.869927276614295,1978-11-01
707,1978.0,12.0,39.98081536940587,1.5740478491892074,1978-12-01
708,1979.0,1.0,103.9177879050926,4.091251492326481,1979-01-01
709,1979.0,2.0,281.1461709104938,11.068746886239914,1979-02-01
710,1979.0,3.0,23.46077323254244,0.9236524894701748,1979-03-01
711,1979.0,4.0,18.842512719425155,0.7418312094261873,1979-04-01
712,1979.0,5.0,9.076445402922454,0.3573403701937974,1979-05-01
713,1979.0,6.0,16.083782431520063,0.6332197807685065,1979-06-01
714,1979.0,7.0,3.567469090591242,0.1404515389996552,1979-07-01
715,1979.0,8.0,8.719031816647377,0.3432689691593455,1979-08-01
716,1979.0,9.0,14.376237280574845,0.5659935937234192,1979-09-01
717,1979.0,10.0,27.82302517361111,1.0953946918744533,1979-10-01
718,1979.0,11.0,26.38603153935185,1.038820139344561,1979-11-01
719,1979.0,12.0,56.13952787422839,2.2102176328436376,1979-12-01
720,1980.0,1.0,226.7426456404321,8.926875812615437,1980-01-01
721,1980.0,2.0,81.36270254629629,3.203256005759697,1980-02-01
722,1980.0,3.0,87.84853636188272,3.4586037937749103,1980-03-01
723,1980.0,4.0,27.567256221064813,1.085325048073418,1980-04-01
724,1980.0,5.0,78.91101224922839,3.1067327657176533,1980-05-01
725,1980.0,6.0,33.11219618055556,1.3036297708880142,1980-06-01
726,1980.0,7.0,27.68059172453704,1.0897870757691748,1980-07-01
727,1980.0,8.0,7.649978449315201,0.3011802539100473,1980-08-01
728,1980.0,9.0,8.465124059606481,0.3332726007719087,1980-09-01
729,1980.0,10.0,25.09884078414352,0.9881433379584064,1980-10-01
730,1980.0,11.0,7.361905321662808,0.2898387921914491,1980-11-01
731,1980.0,12.0,166.52367862654322,6.556050339627686,1980-12-01
732,1981.0,1.0,37.32385404610339,1.469443072681236,1981-01-01
733,1981.0,2.0,51.8573314525463,2.041627222541193,1981-02-01
734,1981.0,3.0,17.763896424093364,0.6993660009485577,1981-03-01
735,1981.0,4.0,27.05732482156636,1.065249008723085,1981-04-01
736,1981.0,5.0,26.621377073688272,1.0480857115625304,1981-05-01
737,1981.0,6.0,20.274644639756943,0.7982143558959427,1981-06-01
738,1981.0,7.0,20.902672284915123,0.8229398537368159,1981-07-01
739,1981.0,8.0,47.63535638503087,1.8754077316941289,1981-08-01
740,1981.0,9.0,13.414226767457562,0.5281191640731324,1981-09-01
741,1981.0,10.0,48.72652030285494,1.918366941057281,1981-10-01
742,1981.0,11.0,44.46178445698303,1.7504639549993315,1981-11-01
743,1981.0,12.0,158.49839650848764,6.24009435072786,1981-12-01
744,1982.0,1.0,587.7702546296297,23.140561205890933,1982-01-01
745,1982.0,2.0,101.63207706404322,4.001262876537135,1982-02-01
746,1982.0,3.0,136.48875144675927,5.373572891604696,1982-03-01
747,1982.0,4.0,43.439374758873456,1.7102116046800575,1982-04-01
748,1982.0,5.0,39.41343255690587,1.5517099431852706,1982-05-01
749,1982.0,6.0,45.63063633294753,1.7964817453916353,1982-06-01
750,1982.0,7.0,26.40275969328704,1.039478728082167,1982-07-01
751,1982.0,8.0,89.35141782407408,3.517772355278507,1982-08-01
752,1982.0,9.0,41.96059992283951,1.6519921229464374,1982-09-01
753,1982.0,10.0,331.9249855324074,13.067912816236513,1982-10-01
754,1982.0,11.0,63.76031418788581,2.5102485900742444,1982-11-01
755,1982.0,12.0,117.84589602623456,4.639602205757267,1982-12-01
756,1983.0,1.0,31.07788387345679,1.2235387351754643,1983-01-01
757,1983.0,2.0,5.773360264154128,0.2272976481950444,1983-02-01
758,1983.0,3.0,39.292399088541664,1.5469448460055777,1983-03-01
759,1983.0,4.0,52.38433762538581,2.0623754970624333,1983-04-01
760,1983.0,5.0,17.150470498167437,0.6752153739435999,1983-05-01
761,1983.0,6.0,15.05408920476466,0.5926806773529394,1983-06-01
762,1983.0,7.0,15.504843629436728,0.6104269145447531,1983-07-01
763,1983.0,8.0,48.93594774787809,1.9266121160581928,1983-08-01
764,1983.0,9.0,45.81348861882716,1.8036806542845336,1983-09-01
765,1983.0,10.0,14.614346727912809,0.5753679814138901,1983-10-01
766,1983.0,11.0,5.979268768687307,0.2354042822317837,1983-11-01
767,1983.0,12.0,24.23987720630787,0.9543258742640894,1983-12-01
768,1984.0,1.0,20.76684268904321,0.8175922318520948,1984-01-01
769,1984.0,2.0,46.076406973379626,1.8140317706054967,1984-02-01
770,1984.0,3.0,66.04340880594135,2.600134204958321,1984-03-01
771,1984.0,4.0,63.23200593171296,2.489449052429644,1984-04-01
772,1984.0,5.0,10.29679588035301,0.4053856645808271,1984-05-01
773,1984.0,6.0,1.599985004943094,0.0629915356276808,1984-06-01
774,1984.0,7.0,14.657885139371142,0.5770820921012261,1984-07-01
775,1984.0,8.0,3.9863951883198303,0.1569446924535366,1984-08-01
776,1984.0,9.0,39.72591447241513,1.5640123808037452,1984-09-01
777,1984.0,10.0,71.49349561149691,2.814704551633737,1984-10-01
778,1984.0,11.0,117.33980758101852,4.619677463819627,1984-11-01
779,1984.0,12.0,197.1604094328704,7.762220843813795,1984-12-01
780,1985.0,1.0,84.81627363040124,3.33922337127564,1985-01-01
781,1985.0,2.0,80.72359664351852,3.178094356044036,1985-02-01
782,1985.0,3.0,27.440791377314813,1.0803461172171187,1985-03-01
783,1985.0,4.0,14.932046019000772,0.5878758275197155,1985-04-01
784,1985.0,5.0,68.35792221257717,2.6912567800227234,1985-05-01
785,1985.0,6.0,23.39617693865741,0.9211093282935988,1985-06-01
786,1985.0,7.0,25.018743067611883,0.984989884551649,1985-07-01
787,1985.0,8.0,13.4202880859375,0.5283577986589567,1985-08-01
788,1985.0,9.0,53.1991886091821,2.0944562444559884,1985-09-01
789,1985.0,10.0,114.91024064429013,4.524025222216147,1985-10-01
790,1985.0,11.0,116.39875096450618,4.58262799072859,1985-11-01
791,1985.0,12.0,21.86572567033179,0.8608553413516453,1985-12-01
792,1986.0,1.0,17.73647732204861,0.6982865087420713,1986-01-01
793,1986.0,2.0,70.19490258487654,2.7635788419242737,1986-02-01
794,1986.0,3.0,34.20022846739969,1.346465687692901,1986-03-01
795,1986.0,4.0,22.68235797646605,0.8930062195459075,1986-04-01
796,1986.0,5.0,53.07764877507716,2.089671211617211,1986-05-01
797,1986.0,6.0,46.4723518277392,1.8296201506983936,1986-06-01
798,1986.0,7.0,67.03404706790124,2.6391357113346947,1986-07-01
799,1986.0,8.0,9.844685872395834,0.3875860579683399,1986-08-01
800,1986.0,9.0,66.47476610725309,2.617116775876106,1986-09-01
801,1986.0,10.0,51.921272183641975,2.044144574159133,1986-10-01
802,1986.0,11.0,132.4506534529321,5.214592655627248,1986-11-01
803,1986.0,12.0,48.85986629533179,1.92361678328078,1986-12-01
804,1987.0,1.0,33.85858531057099,1.3330151697075192,1987-01-01
805,1987.0,2.0,37.47161337770062,1.475260369200812,1987-02-01
806,1987.0,3.0,36.440315152391975,1.434658076865826,1987-03-01
807,1987.0,4.0,60.53132233796296,2.383122926691456,1987-04-01
808,1987.0,5.0,33.53077377507716,1.3201092037431952,1987-05-01
809,1987.0,6.0,23.33067792727624,0.9185306270581196,1987-06-01
810,1987.0,7.0,13.773895640432098,0.5422793559225235,1987-07-01
811,1987.0,8.0,18.28822609230324,0.7200089012717812,1987-08-01
812,1987.0,9.0,48.10633981963735,1.893950386599896,1987-09-01
813,1987.0,10.0,50.40429988908179,1.9844212554756613,1987-10-01
814,1987.0,11.0,68.64517626350309,2.702565994626106,1987-11-01
815,1987.0,12.0,413.3732638888889,16.274537948381454,1987-12-01
816,1988.0,1.0,137.6856674382716,5.42069556843589,1988-01-01
817,1988.0,2.0,40.69069492669753,1.6019958632558084,1988-02-01
818,1988.0,3.0,22.725778838734566,0.8947157023123845,1988-03-01
819,1988.0,4.0,23.78915744357639,0.936581001715606,1988-04-01
820,1988.0,5.0,77.23021556712963,3.04055966799723,1988-05-01
821,1988.0,6.0,7.0837839385609565,0.2788891314394077,1988-06-01
822,1988.0,7.0,11.770156671971453,0.4633919949595059,1988-07-01
823,1988.0,8.0,39.88388852719908,1.5702318317794912,1988-08-01
824,1988.0,9.0,37.173800998263886,1.463535472372594,1988-09-01
825,1988.0,10.0,18.29674690152392,0.7203443662017293,1988-10-01
826,1988.0,11.0,91.79401765046296,3.6139377027741326,1988-11-01
827,1988.0,12.0,254.97265625,10.038293553149607,1988-12-01
828,1989.0,1.0,152.6629292052469,6.010351543513658,1989-01-01
829,1989.0,2.0,147.23712384259258,5.796737159157188,1989-02-01
830,1989.0,3.0,88.71738160686728,3.492810299482964,1989-03-01
831,1989.0,4.0,109.1309799382716,4.2964952731603,1989-04-01
832,1989.0,5.0,10.74744556568287,0.423127778176491,1989-05-01
833,1989.0,6.0,14.652836552372683,0.5768833288335703,1989-06-01
834,1989.0,7.0,58.10994767554013,2.287793215572446,1989-07-01
835,1989.0,8.0,11.47418891059028,0.4517397208893811,1989-08-01
836,1989.0,9.0,9.128696771315589,0.359397510681716,1989-09-01
837,1989.0,10.0,657.8259066358024,25.898657741567025,1989-10-01
838,1989.0,11.0,77.40439935378086,3.0474172973929474,1989-11-01
839,1989.0,12.0,83.02428144290124,3.2686724977520174,1989-12-01
840,1990.0,1.0,169.661807966821,6.679598738851221,1990-01-01
841,1990.0,2.0,114.26904899691358,4.498781456571401,1990-02-01
842,1990.0,3.0,88.4795524691358,3.483446947603772,1990-03-01
843,1990.0,4.0,17.90877730758102,0.7050699727394102,1990-04-01
844,1990.0,5.0,27.16162712191358,1.0693553985005346,1990-05-01
845,1990.0,6.0,14.197761441454476,0.5589669858840345,1990-06-01
846,1990.0,7.0,22.92362015335648,0.9025047304471056,1990-07-01
847,1990.0,8.0,16.925088011188272,0.6663420476845777,1990-08-01
848,1990.0,9.0,49.15688597125772,1.935310471309359,1990-09-01
849,1990.0,10.0,46.62106963734568,1.8354751825726645,1990-10-01
850,1990.0,11.0,181.4457103587963,7.143531903889619,1990-11-01
851,1990.0,12.0,177.67462384259258,6.995063930810732,1990-12-01
852,1991.0,1.0,48.56787109375,1.912120909202756,1991-01-01
853,1991.0,2.0,58.84584177276235,2.316765424124502,1991-02-01
854,1991.0,3.0,227.00349633487653,8.93714552499514,1991-03-01
855,1991.0,4.0,56.29741150655864,2.2164335238802617,1991-04-01
856,1991.0,5.0,21.864970642843364,0.860825615859975,1991-05-01
857,1991.0,6.0,28.89529984085648,1.1376102299549795,1991-06-01
858,1991.0,7.0,13.854774004147377,0.5454635434703692,1991-07-01
859,1991.0,8.0,26.149040316358025,1.029489776234568,1991-08-01
860,1991.0,9.0,26.202805507330247,1.031606516036624,1991-09-01
861,1991.0,10.0,136.11284722222223,5.358773512685914,1991-10-01
862,1991.0,11.0,37.4342658902392,1.4737899956787086,1991-11-01
863,1991.0,12.0,84.63503689236111,3.3320880666283905,1991-12-01
864,1992.0,1.0,31.71335780767747,1.24855739400305,1992-01-01
865,1992.0,2.0,80.72232470100309,3.1780442795670507,1992-02-01
866,1992.0,3.0,42.25396351755401,1.663541870769843,1992-03-01
867,1992.0,4.0,15.362681447723766,0.6048299782568413,1992-04-01
868,1992.0,5.0,24.359471450617285,0.9590343090794208,1992-05-01
869,1992.0,6.0,20.325935269579475,0.8002336720306881,1992-06-01
870,1992.0,7.0,24.58625699266976,0.9679628737271556,1992-07-01
871,1992.0,8.0,24.84511085792824,0.9781539707845764,1992-08-01
872,1992.0,9.0,83.81215036651234,3.29969095931151,1992-09-01
873,1992.0,10.0,88.02314814814815,3.46547827354914,1992-10-01
874,1992.0,11.0,75.61420355902777,2.9769371479932194,1992-11-01
875,1992.0,12.0,142.1138961226852,5.595035280420677,1992-12-01
876,1993.0,1.0,67.45005063657408,2.6555138045895306,1993-01-01
877,1993.0,2.0,18.359792450327937,0.7228264744223596,1993-02-01
878,1993.0,3.0,15.663545584972994,0.6166750230304329,1993-03-01
879,1993.0,4.0,22.94707724488812,0.9034282379877212,1993-04-01
880,1993.0,5.0,21.24022231867284,0.8362292251446,1993-05-01
881,1993.0,6.0,17.72205192660108,0.6977185797874441,1993-06-01
882,1993.0,7.0,60.828257619598766,2.394813292110188,1993-07-01
883,1993.0,8.0,57.93153211805556,2.2807689810258096,1993-08-01
884,1993.0,9.0,50.297230661651234,1.9802059315610725,1993-09-01
885,1993.0,10.0,66.32947530864197,2.611396665694566,1993-10-01
886,1993.0,11.0,38.36879701967592,1.5105825598297609,1993-11-01
887,1993.0,12.0,28.83049406828704,1.135058821586104,1993-12-01
888,1994.0,1.0,24.78785385320216,0.9758997580000852,1994-01-01
889,1994.0,2.0,71.54445770640432,2.8167109333230047,1994-02-01
890,1994.0,3.0,68.88416883680556,2.711975151055337,1994-03-01
891,1994.0,4.0,11.815912694106869,0.4651934131538137,1994-04-01
892,1994.0,5.0,12.987511152102623,0.5113193366969537,1994-05-01
893,1994.0,6.0,20.802882065007715,0.8190111049215636,1994-06-01
894,1994.0,7.0,10.318248607494214,0.4062302601375674,1994-07-01
895,1994.0,8.0,11.704244731385032,0.4607970366687021,1994-08-01
896,1994.0,9.0,29.24441189236111,1.1513547989118549,1994-09-01
897,1994.0,10.0,46.79959972993827,1.8425039263755227,1994-10-01
898,1994.0,11.0,6.881128381799768,0.2709105662125893,1994-11-01
899,1994.0,12.0,12.320692274305555,0.4850666249726597,1994-12-01
900,1995.0,1.0,14.987702546296296,0.5900670293817439,1995-01-01
901,1995.0,2.0,84.60985122492283,3.331096504918222,1995-02-01
902,1995.0,3.0,44.65464650848765,1.758056949153057,1995-03-01
903,1995.0,4.0,39.01327703028549,1.5359557885939172,1995-04-01
904,1995.0,5.0,14.914060992959104,0.5871677556283112,1995-05-01
905,1995.0,6.0,9.835502718701775,0.3872245164843219,1995-06-01
906,1995.0,7.0,17.47890594859182,0.688145903487867,1995-07-01
907,1995.0,8.0,24.86371678481868,0.9788864875912864,1995-08-01
908,1995.0,9.0,15.165628315489968,0.597071980924802,1995-09-01
909,1995.0,10.0,27.453025535300927,1.0808277769803516,1995-10-01
910,1995.0,11.0,51.34305676118827,2.021380187448357,1995-11-01
911,1995.0,12.0,37.77232228973765,1.487099302745577,1995-12-01
912,1996.0,1.0,99.2582404996142,3.9078047440793,1996-01-01
913,1996.0,2.0,60.00437644675926,2.3623770254629632,1996-02-01
914,1996.0,3.0,133.95912905092592,5.273981458697872,1996-03-01
915,1996.0,4.0,35.70813440393518,1.4058320631470544,1996-04-01
916,1996.0,5.0,13.924837842399691,0.5482219622992005,1996-05-01
917,1996.0,6.0,73.13201075424382,2.879213021820623,1996-06-01
918,1996.0,7.0,21.978544258777006,0.8652970180620869,1996-07-01
919,1996.0,8.0,57.64595389660494,2.2695257439608243,1996-08-01
920,1996.0,9.0,50.84544391396605,2.0017891304711046,1996-09-01
921,1996.0,10.0,36.24312487943673,1.4268946802927849,1996-10-01
922,1996.0,11.0,685.4645543981482,26.986793480242056,1996-11-01
923,1996.0,12.0,133.02598138503086,5.237243361615389,1996-12-01
924,1997.0,1.0,189.30690586419752,7.4530277899290365,1997-01-01
925,1997.0,2.0,52.408299575617285,2.063318880929814,1997-02-01
926,1997.0,3.0,194.7585358796296,7.667658892898804,1997-03-01
927,1997.0,4.0,57.61270857445987,2.268216873010231,1997-04-01
928,1997.0,5.0,46.54791787229938,1.8325951918228105,1997-05-01
929,1997.0,6.0,14.36414177035108,0.5655173925335072,1997-06-01
930,1997.0,7.0,23.05767294801312,0.9077823995280756,1997-07-01
931,1997.0,8.0,35.17625747492284,1.3848920265717657,1997-08-01
932,1997.0,9.0,36.16706452546296,1.423900178167833,1997-09-01
933,1997.0,10.0,57.103696469907405,2.248177026374308,1997-10-01
934,1997.0,11.0,70.1487147955247,2.7617604250206576,1997-11-01
935,1997.0,12.0,31.57369731385031,1.2430589493641857,1997-12-01
936,1998.0,1.0,48.38502182195216,1.9049221189744945,1998-01-01
937,1998.0,2.0,12.729813187210649,0.5011737475279783,1998-02-01
938,1998.0,3.0,16.960319613233025,0.6677291186312215,1998-03-01
939,1998.0,4.0,31.047972125771604,1.2223611073138427,1998-04-01
940,1998.0,5.0,13.967874409239968,0.5499163153244082,1998-05-01
941,1998.0,6.0,26.155186029128085,1.0297317334302396,1998-06-01
942,1998.0,7.0,6.874980408468364,0.2706685200184395,1998-07-01
943,1998.0,8.0,15.796153127411266,0.6218957924177664,1998-08-01
944,1998.0,9.0,10.295991874035494,0.405354010788799,1998-09-01
945,1998.0,10.0,6.823511194299768,0.2686421730039279,1998-10-01
946,1998.0,11.0,43.01496190200617,1.6935024370868572,1998-11-01
947,1998.0,12.0,44.34895230516975,1.746021744298022,1998-12-01
948,1999.0,1.0,36.55599259741513,1.4392123069848477,1999-01-01
949,1999.0,2.0,16.520069263599538,0.6503964277007692,1999-02-01
950,1999.0,3.0,36.75492500964506,1.4470442917183095,1999-03-01
951,1999.0,4.0,22.378460165895063,0.8810417388147663,1999-04-01
952,1999.0,5.0,80.92775245949075,3.186131986594124,1999-05-01
953,1999.0,6.0,16.12125198929398,0.6346949602084245,1999-06-01
954,1999.0,7.0,16.82397159529321,0.6623610864288665,1999-07-01
955,1999.0,8.0,8.396896550684799,0.3305864783734173,1999-08-01
956,1999.0,9.0,5.317428777247299,0.2093475896554054,1999-09-01
957,1999.0,10.0,122.16736593364196,4.809738816285117,1999-10-01
958,1999.0,11.0,11.194812915943286,0.4407406659820191,1999-11-01
959,1999.0,12.0,112.82269965277776,4.441838569007,1999-12-01
960,2000.0,1.0,21.19872594762732,0.8345955097491069,2000-01-01
961,2000.0,2.0,1.2424650780948592,0.0489159479564905,2000-02-01
962,2000.0,3.0,22.386905623070987,0.881374237128779,2000-03-01
963,2000.0,4.0,24.054880401234566,0.947042535481676,2000-04-01
964,2000.0,5.0,6.690312891830633,0.2633981453476627,2000-05-01
965,2000.0,6.0,14.864943516107251,0.5852339966971359,2000-06-01
966,2000.0,7.0,8.087608054832176,0.3184097659382746,2000-07-01
967,2000.0,8.0,6.814385308159722,0.2682828861480206,2000-08-01
968,2000.0,9.0,27.52400113329476,1.0836220918619983,2000-09-01
969,2000.0,10.0,16.881504388503085,0.6646261570276806,2000-10-01
970,2000.0,11.0,63.17993465470679,2.487399002153811,2000-11-01
971,2000.0,12.0,33.05985363618827,1.301569040794814,2000-12-01
972,2001.0,1.0,21.714525764371142,0.8549025891484702,2001-01-01
973,2001.0,2.0,45.341263382523145,1.7850891095481554,2001-02-01
974,2001.0,3.0,88.22227647569444,3.473317971484033,2001-03-01
975,2001.0,4.0,31.623465832368822,1.2450183398570405,2001-04-01
976,2001.0,5.0,16.596617898823304,0.6534101534969805,2001-05-01
977,2001.0,6.0,13.75060432339892,0.5413623749369654,2001-06-01
978,2001.0,7.0,1.7326268325617284,0.0682136548252649,2001-07-01
979,2001.0,8.0,7.329436125578703,0.2885604773849883,2001-08-01
980,2001.0,9.0,8.241492000626929,0.3244681890010602,2001-09-01
981,2001.0,10.0,46.32521641107253,1.8238274177587608,2001-10-01
982,2001.0,11.0,118.24612991898148,4.655359445629192,2001-11-01
983,2001.0,12.0,55.26670404128087,2.175854489814208,2001-12-01
984,2002.0,1.0,119.65825135030865,4.710954777571207,2002-01-01
985,2002.0,2.0,44.75078968942901,1.761842113757048,2002-02-01
986,2002.0,3.0,99.35281032986111,3.911527965742564,2002-03-01
987,2002.0,4.0,28.59204704378858,1.1256711434562434,2002-04-01
988,2002.0,5.0,67.70768229166667,2.6656567831364835,2002-05-01
989,2002.0,6.0,6.619582941502701,0.2606135016339646,2002-06-01
990,2002.0,7.0,4.463702920042438,0.1757363354347416,2002-07-01
991,2002.0,8.0,9.729273666570217,0.3830422703374101,2002-08-01
992,2002.0,9.0,18.85313283661265,0.7422493242760888,2002-09-01
993,2002.0,10.0,95.09626374421296,3.743947391504448,2002-10-01
994,2002.0,11.0,55.46851490162037,2.1837997992763927,2002-11-01
995,2002.0,12.0,6.384943455825617,0.2513757266073078,2002-12-01
996,2003.0,1.0,77.33631727430556,3.044736900563211,2003-01-01
997,2003.0,2.0,55.823459201388886,2.1977739843066493,2003-02-01
998,2003.0,3.0,95.89336178626544,3.775329204183679,2003-03-01
999,2003.0,4.0,33.79682376060957,1.3305836126224242,2003-04-01
1000,2003.0,5.0,3.1573561680169755,0.1243053609455502,2003-05-01
1001,2003.0,6.0,17.536170488522377,0.6904004129339518,2003-06-01
1002,2003.0,7.0,12.63868995949074,0.4975862188775882,2003-07-01
1003,2003.0,8.0,0.8864194140022184,0.0348984021260715,2003-08-01
1004,2003.0,9.0,17.568077558352623,0.6916565967855364,2003-09-01
1005,2003.0,10.0,20.59314869068287,0.8107538854599555,2003-10-01
1006,2003.0,11.0,55.61695240162037,2.189643795339385,2003-11-01
1007,2003.0,12.0,181.2632137345679,7.136346997423933,2003-12-01
1008,2004.0,1.0,217.34763213734567,8.556993391234082,2004-01-01
1009,2004.0,2.0,175.52687355324073,6.910506832804754,2004-02-01
1010,2004.0,3.0,137.16024064429013,5.400009474184651,2004-03-01
1011,2004.0,4.0,38.35089940200617,1.5098779292128417,2004-04-01
1012,2004.0,5.0,65.9740608121142,2.597403968980874,2004-05-01
1013,2004.0,6.0,23.41644061053241,0.9219071106508824,2004-06-01
1014,2004.0,7.0,13.036300094039351,0.5132401611826517,2004-07-01
1015,2004.0,8.0,60.80557966820987,2.3939204593783416,2004-08-01
1016,2004.0,9.0,42.89571277006173,1.688807589372509,2004-09-01
1017,2004.0,10.0,58.27586684992284,2.294325466532396,2004-10-01
1018,2004.0,11.0,192.92508198302468,7.59547566862302,2004-11-01
1019,2004.0,12.0,116.65145158179013,4.592576833928746,2004-12-01
1020,2005.0,1.0,190.6587818287037,7.506251253098571,2005-01-01
1021,2005.0,2.0,81.8926384066358,3.224119622308496,2005-02-01
1022,2005.0,3.0,66.3910529996142,2.61382098423678,2005-03-01
1023,2005.0,4.0,7.302517361111111,0.2875006835083115,2005-04-01
1024,2005.0,5.0,17.865376036844136,0.7033612612930763,2005-05-01
1025,2005.0,6.0,21.19456199363426,0.8344315745525299,2005-06-01
1026,2005.0,7.0,13.34106746720679,0.5252388766616847,2005-07-01
1027,2005.0,8.0,19.99586166570216,0.7872386482559907,2005-08-01
1028,2005.0,9.0,54.796079282407405,2.1573259560002915,2005-09-01
1029,2005.0,10.0,42.29465362172068,1.6651438433748298,2005-10-01
1030,2005.0,11.0,60.5283504533179,2.3830059233589727,2005-11-01
1031,2005.0,12.0,7.906143753616898,0.3112655021109015,2005-12-01
1032,2006.0,1.0,48.50047622492284,1.9094675679103483,2006-01-01
1033,2006.0,2.0,75.53510802469135,2.9738231505784,2006-02-01
1034,2006.0,3.0,379.4121576003087,14.937486519697192,2006-03-01
1035,2006.0,4.0,11.1742704415027,0.4399319071457757,2006-04-01
1036,2006.0,5.0,20.397001290027006,0.803031546851457,2006-05-01
1037,2006.0,6.0,1.6975809733072915,0.0668338965869012,2006-06-01
1038,2006.0,7.0,6.247807255497685,0.245976663602271,2006-07-01
1039,2006.0,8.0,12.043105890721453,0.4741380271937579,2006-08-01
1040,2006.0,9.0,11.761219165943286,0.4630401246434364,2006-09-01
1041,2006.0,10.0,125.32552083333331,4.93407562335958,2006-10-01
1042,2006.0,11.0,67.05522400655865,2.639969449077112,2006-11-01
1043,2006.0,12.0,25.52733470775463,1.0050131774706548,2006-12-01
1044,2007.0,1.0,73.69653621720678,2.901438433748299,2007-01-01
1045,2007.0,2.0,28.427363642939813,1.1191875449976303,2007-02-01
1046,2007.0,3.0,97.56766613618828,3.8412466982751288,2007-03-01
1047,2007.0,4.0,20.13757022810571,0.7928177255159728,2007-04-01
1048,2007.0,5.0,52.64138454861112,2.072495454669729,2007-05-01
1049,2007.0,6.0,8.08056037808642,0.318132298349859,2007-06-01
1050,2007.0,7.0,7.81268913363233,0.3075861863634775,2007-07-01
1051,2007.0,8.0,33.6841724537037,1.3261485217993585,2007-08-01
1052,2007.0,9.0,14.663265275366513,0.5772939084789966,2007-09-01
1053,2007.0,10.0,5.805843777126736,0.2285765266585329,2007-10-01
1054,2007.0,11.0,140.1371407214506,5.51721026462404,2007-11-01
1055,2007.0,12.0,185.955451871142,7.321080782328424,2007-12-01
1056,2008.0,1.0,19.81354437934028,0.7800608023362314,2008-01-01
1057,2008.0,2.0,46.62286000192901,1.835545669367284,2008-02-01
1058,2008.0,3.0,23.39932514708719,0.9212332735073696,2008-03-01
1059,2008.0,4.0,18.71581729841821,0.7368432007251263,2008-04-01
1060,2008.0,5.0,78.70732663001543,3.0987136468510013,2008-05-01
1061,2008.0,6.0,18.72535686728395,0.7372187743025177,2008-06-01
1062,2008.0,7.0,31.350643205054013,1.2342772915375595,2008-07-01
1063,2008.0,8.0,32.84708357445987,1.2931922667110187,2008-08-01
1064,2008.0,9.0,27.08376434702932,1.0662899349224142,2008-09-01
1065,2008.0,10.0,26.84083538290895,1.0567258024767303,2008-10-01
1066,2008.0,11.0,67.71767095871914,2.6660500377448484,2008-11-01
1067,2008.0,12.0,267.5470196759259,10.533347231335666,2008-12-01
1068,2009.0,1.0,63.350471402391975,2.4941130473382667,2009-01-01
1069,2009.0,2.0,27.275701075424383,1.073846499032456,2009-02-01
1070,2009.0,3.0,78.4306339216821,3.0878202331370908,2009-03-01
1071,2009.0,4.0,32.55934727044753,1.2818640657656508,2009-04-01
1072,2009.0,5.0,18.906423309702937,0.7443473743977533,2009-05-01
1073,2009.0,6.0,5.707505591121721,0.2247049445323512,2009-06-01
1074,2009.0,7.0,1.463605527524595,0.057622264863173,2009-07-01
1075,2009.0,8.0,45.61084587191358,1.7957025933824249,2009-08-01
1076,2009.0,9.0,18.576078438464503,0.7313416708056892,2009-09-01
1077,2009.0,10.0,46.73042956693673,1.8397806916116823,2009-10-01
1078,2009.0,11.0,53.21807484567901,2.095199797073977,2009-11-01
1079,2009.0,12.0,45.13888286072531,1.7771213724695003,2009-12-01
1080,2010.0,1.0,94.15112606095678,3.7067372464943618,2010-01-01
1081,2010.0,2.0,27.833098234953702,1.0957912690926654,2010-02-01
1082,2010.0,3.0,58.58335744598765,2.306431395511325,2010-03-01
1083,2010.0,4.0,61.034764419367285,2.402943481077452,2010-04-01
1084,2010.0,5.0,31.217707127700617,1.2290435877047488,2010-05-01
1085,2010.0,6.0,10.997266227816358,0.4329632373156046,2010-06-01
1086,2010.0,7.0,14.776067286361885,0.5817349325339324,2010-07-01
1087,2010.0,8.0,12.00907615379051,0.4727982737712799,2010-08-01
1088,2010.0,9.0,17.157405900366513,0.6754884212742722,2010-09-01
1089,2010.0,10.0,11.796514063705631,0.4644296875474659,2010-10-01
1090,2010.0,11.0,46.36729902102624,1.8254842134262297,2010-11-01
1091,2010.0,12.0,229.26487750771605,9.026176279831342,2010-12-01
1092,2011.0,1.0,199.2536651234568,7.844632485175464,2011-01-01
1093,2011.0,2.0,103.68874180169752,4.08223392920069,2011-02-01
1094,2011.0,3.0,73.22749083719135,2.882972080204384,2011-03-01
1095,2011.0,4.0,56.84072386188272,2.237823774089871,2011-04-01
1096,2011.0,5.0,91.16902970679013,3.589331878220084,2011-05-01
1097,2011.0,6.0,26.667302637924383,1.0498938046426922,2011-06-01
1098,2011.0,7.0,17.161423671392747,0.675646601235935,2011-07-01
1099,2011.0,8.0,4.71892406322338,0.1857844119379283,2011-08-01
1100,2011.0,9.0,8.561251416618441,0.3370571423865528,2011-09-01
1101,2011.0,10.0,26.396164882330247,1.0392190898555216,2011-10-01
1102,2011.0,11.0,13.373939043209877,0.5265330331972393,2011-11-01
1103,2011.0,12.0,24.40696735146605,0.9609042264356712,2011-12-01
1104,2012.0,1.0,21.598533347800927,0.8503359585748397,2012-01-01
1105,2012.0,2.0,48.58622383777006,1.912843458179924,2012-02-01
1106,2012.0,3.0,190.4149426118827,7.49665128393239,2012-03-01
1107,2012.0,4.0,25.116495768229168,0.9888384160720144,2012-04-01
1108,2012.0,5.0,3.668424629870756,0.1444261665303447,2012-05-01
1109,2012.0,6.0,15.985660505883487,0.6293567128300586,2012-06-01
1110,2012.0,7.0,6.358562704957562,0.2503371143684079,2012-07-01
1111,2012.0,8.0,9.22354465060764,0.3631316791577811,2012-08-01
1112,2012.0,9.0,34.35070650077161,1.3523900197154175,2012-09-01
1113,2012.0,10.0,8.587976526331019,0.3381093120602763,2012-10-01
1114,2012.0,11.0,4.616327356409143,0.181745171512171,2012-11-01
1115,2012.0,12.0,14.310350959683642,0.5633996440820332,2012-12-01
1116,2013.0,1.0,110.29911747685183,4.342484940033538,2013-01-01
1117,2013.0,2.0,24.0615234375,0.9473040723425198,2013-02-01
1118,2013.0,3.0,79.12093701774691,3.114997520383737,2013-03-01
1119,2013.0,4.0,77.64515215084876,3.056895753970424,2013-04-01
1120,2013.0,5.0,53.17748722029321,2.093601859066662,2013-05-01
1121,2013.0,6.0,14.893082983699845,0.5863418497519625,2013-06-01
1122,2013.0,7.0,18.456791630497687,0.7266453397833735,2013-07-01
1123,2013.0,8.0,1.4701247038664642,0.0578789253490734,2013-08-01
1124,2013.0,9.0,44.1298828125,1.7373969611220474,2013-09-01
1125,2013.0,10.0,27.34984447337963,1.076765530448017,2013-10-01
1126,2013.0,11.0,76.66052999614197,3.0181311022103143,2013-11-01
1127,2013.0,12.0,82.82170500578704,3.260697047471931,2013-12-01
1128,2014.0,1.0,84.13645953896605,3.312459036967168,2014-01-01
1129,2014.0,2.0,62.40028211805556,2.4567040203958883,2014-02-01
1130,2014.0,3.0,75.4653621720679,2.9710772508688152,2014-03-01
1131,2014.0,4.0,20.500685703607253,0.8071136103782384,2014-04-01
1132,2014.0,5.0,109.44327498070987,4.308790353571255,2014-05-01
1133,2014.0,6.0,29.9223029996142,1.1780434251816614,2014-06-01
1134,2014.0,7.0,17.26905803915895,0.6798841747700374,2014-07-01
1135,2014.0,8.0,36.78033974729938,1.4480448719409205,2014-08-01
1136,2014.0,9.0,22.02082429108796,0.8669615862633057,2014-09-01
1137,2014.0,10.0,161.29076244212962,6.350030017406678,2014-10-01
1138,2014.0,11.0,25.87793571566358,1.0188163667584087,2014-11-01
1139,2014.0,12.0,56.38454861111112,2.2198641185476817,2014-12-01
1140,2015.0,1.0,36.0653392650463,1.419895246655366,2015-01-01
1141,2015.0,2.0,43.58570240162037,1.7159725354968651,2015-02-01
1142,2015.0,3.0,21.588139286747687,0.8499267435727437,2015-03-01
1143,2015.0,4.0,14.502290702160494,0.5709563268567124,2015-04-01
1144,2015.0,5.0,26.04254979263117,1.0252972359303612,2015-05-01
1145,2015.0,6.0,24.93785716869213,0.98180540034221,2015-06-01
1146,2015.0,7.0,26.04245334201389,1.025293438661964,2015-07-01
1147,2015.0,8.0,74.27678915895062,2.9242830377539617,2015-08-01
1148,2015.0,9.0,106.79560908564817,4.204551538805045,2015-09-01
1149,2015.0,10.0,17.978052963445215,0.7077973607655597,2015-10-01
1150,2015.0,11.0,166.5180362654321,6.555828199426461,2015-11-01
1151,2015.0,12.0,6.6940842616705245,0.2635466244752175,2015-12-01
1152,2016.0,1.0,6.409695095486111,0.2523502006096894,2016-01-01
1153,2016.0,2.0,19.743614667727623,0.7773076640837647,2016-02-01
1154,2016.0,3.0,37.09641746238426,1.4604888764718214,2016-03-01
1155,2016.0,4.0,30.563310788001544,1.2032799522835254,2016-04-01
1156,2016.0,5.0,55.11171995563272,2.169752754158768,2016-05-01
1157,2016.0,6.0,9.107384952498071,0.3585584626967745,2016-06-01
1158,2016.0,7.0,56.69829644097222,2.232216395313867,2016-07-01
1159,2016.0,8.0,70.74177155671296,2.7851091164060224,2016-08-01
1160,2016.0,9.0,39.100423177083336,1.5393867392552496,2016-09-01
1161,2016.0,10.0,10.572236991222994,0.4162298028040549,2016-10-01
1162,2016.0,11.0,13.076215579185956,0.5148116369758251,2016-11-01
1163,2016.0,12.0,31.12211552372685,1.2252801387294037,2016-12-01
1164,2017.0,1.0,40.459324966242285,1.5928868096945783,2017-01-01
1165,2017.0,2.0,91.80605589313272,3.614411649335934,2017-02-01
1166,2017.0,3.0,64.01301480516975,2.5201974332743995,2017-03-01
1167,2017.0,4.0,78.98942057291667,3.1098197075951446,2017-04-01
1168,2017.0,5.0,34.24249795042438,1.348129840567889,2017-05-01
1169,2017.0,6.0,33.05692093460648,1.3014535801026177,2017-06-01
1170,2017.0,7.0,10.006979106385032,0.3939755553694894,2017-07-01
1171,2017.0,8.0,19.64848873939044,0.773562548794899,2017-08-01
1172,2017.0,9.0,11.606022587528935,0.4569300231310604,2017-09-01
1173,2017.0,10.0,89.09740306712963,3.5077717742964425,2017-10-01
1174,2017.0,11.0,26.62757703993056,1.0483298047216756,2017-11-01
1175,2017.0,12.0,75.3079246238426,2.964878922198527,2017-12-01
1176,2018.0,1.0,6.590494038146219,0.2594682692183551,2018-01-01
1177,2018.0,2.0,140.93213493441357,5.5485092493863615,2018-02-01
1178,2018.0,3.0,74.04374035493827,2.915107887989695,2018-03-01
1179,2018.0,4.0,69.99292896412037,2.755627124571668,2018-04-01
1180,2018.0,5.0,7.59454044294946,0.2989976552342307,2018-05-01
1181,2018.0,6.0,6.186930715301891,0.2435799494213343,2018-06-01
1182,2018.0,7.0,11.325936023099922,0.44590299303543,2018-07-01
1183,2018.0,8.0,33.33005702642747,1.3122069695443883,2018-08-01
1184,2018.0,9.0,78.79315562307099,3.102092741065788,2018-09-01
1185,2018.0,10.0,77.25293571566358,3.041454162033999,2018-10-01
1186,2018.0,11.0,51.16098813657408,2.0142121313611843,2018-11-01
1187,2018.0,12.0,55.23620756172839,2.174653841012929,2018-12-01
1188,2019.0,1.0,63.38645953896605,2.4955299031089,2019-01-01
1189,2019.0,2.0,104.5784866898148,4.11726325550452,2019-02-01
1190,2019.0,3.0,13.101334936824845,0.5158005880639703,2019-03-01
1191,2019.0,4.0,16.97495448736497,0.6683052947781484,2019-04-01
1192,2019.0,5.0,50.18930844907408,1.9759570255540977,2019-05-01
1193,2019.0,6.0,93.36354648919752,3.675730176740061,2019-06-01
1194,2019.0,7.0,8.281155809944059,0.3260297562970102,2019-07-01
1195,2019.0,8.0,7.216899353780864,0.2841298958181442,2019-08-01
1196,2019.0,9.0,38.72706585165895,1.5246876319550768,2019-09-01
1197,2019.0,10.0,56.66819782021605,2.2310314102447264,2019-10-01
1198,2019.0,11.0,13.33161078559028,0.524866566361822,2019-11-01
1199,2019.0,12.0,90.19265407986111,3.5508918929079183,2019-12-01
1200,2020.0,1.0,129.39708719135805,5.094373511470788,2020-01-01
1201,2020.0,2.0,69.2488425925926,2.726332385535142,2020-02-01
1202,2020.0,3.0,119.6578655478395,4.710939588497618,2020-03-01
1203,2020.0,4.0,16.424408335744598,0.6466302494387637,2020-04-01
1204,2020.0,5.0,14.869725356867283,0.5854222581443813,2020-05-01
1205,2020.0,6.0,9.504157172309029,0.3741794162326389,2020-06-01
1206,2020.0,7.0,24.56192883150077,0.9670050721063296,2020-07-01
1207,2020.0,8.0,6.002452709056713,0.2363170357896343,2020-08-01
1208,2020.0,9.0,2.948703342013889,0.1160906827564523,2020-09-01
1209,2020.0,10.0,74.31413966049382,2.925753529940702,2020-10-01
1210,2020.0,11.0,38.966875241126544,1.534128946501045,2020-11-01
1211,2020.0,12.0,21.95910343123071,0.8645316311508153,2020-12-01
1212,2021.0,1.0,151.6577449845679,5.970777361597162,2021-01-01
1213,2021.0,2.0,48.48418511284722,1.9088261855451665,2021-02-01
1214,2021.0,3.0,227.56426022376544,8.959222843455333,2021-03-01
1215,2021.0,4.0,12.564979835792824,0.4946842455036545,2021-04-01
1216,2021.0,5.0,13.355923876350309,0.525823774659461,2021-05-01
1217,2021.0,6.0,10.349870093074845,0.4074752005147577,2021-06-01
1218,2021.0,7.0,14.78368537808642,0.5820348574049772,2021-07-01
1219,2021.0,8.0,17.456761489679785,0.687274074396842,2021-08-01
1220,2021.0,9.0,19.510562849633487,0.7681323956548618,2021-09-01
1221,2021.0,10.0,31.482274184992285,1.2394596135823734,2021-10-01
1222,2021.0,11.0,18.37365119839892,0.7233720944251544,2021-11-01
1223,2021.0,12.0,321.1688609182099,12.64444334323661,2021-12-01
1224,2022.0,1.0,111.73980034722224,4.399204738079615,2022-01-01
1225,2022.0,2.0,10.942467206790123,0.4308057955429182,2022-02-01
1226,2022.0,3.0,21.052390769675927,0.8288342822707059,2022-03-01
1227,2022.0,4.0,12.838954595871911,0.505470653380784,2022-04-01
1228,2022.0,5.0,16.542488003954475,0.6512790552737983,2022-05-01
1229,2022.0,6.0,4.295140395929784,0.1691000155877867,2022-06-01
1230,2022.0,7.0,11.76076931423611,0.4630224139463036,2022-07-01
1231,2022.0,8.0,15.91464873890818,0.626560973972763,2022-08-01
1232,2022.0,9.0,38.15943588445216,1.5023399954508725,2022-09-01
1233,2022.0,10.0,45.99123203607253,1.8106784266170288,2022-10-01
1234,2022.0,11.0,21.96500198929398,0.8647638578462198,2022-11-01
1235,2022.0,12.0,81.72421754436728,3.2174888796995,2022-12-01
1236,2023.0,1.0,132.26509452160494,5.207287185889959,2023-01-01
1237,2023.0,2.0,132.26509452160494,5.207287185889959,2023-02-01
1238,2023.0,3.0,49.2815242814429,1.9402174913953896,2023-03-01
1239,2023.0,4.0,50.06496250482253,1.971061515937895,2023-04-01
1240,2023.0,5.0,41.16289605034722,1.6205864586750875,2023-05-01
1241,2023.0,6.0,18.14675413532021,0.7144391391858352,2023-06-01
1242,2023.0,7.0,9.149370358314044,0.3602114314296867,2023-07-01
1243,2023.0,8.0,15.327588493441358,0.603448365883518,2023-08-01
1244,2023.0,9.0,9.531827196662809,0.3752687872701893,2023-09-01
1245,2023.0,10.0,12.33373119212963,0.4855799681940799,2023-10-01
1246,2023.0,11.0,48.99852008584105,1.9290755939307505,2023-11-01
1247,2023.0,12.0,28.57589156539352,1.1250351009997448,2023-12-01
1248,2024.0,01,212.6747685185185,8.373022382618839,2024-01-01
