,Year,Month,RF_mm,RF_in
0,1920.0,1.0,148.628231095679,5.851505161247205
1,1920.0,2.0,10.52020941840278,0.4141814731654637
2,1920.0,3.0,130.29042486496914,5.129544286022408
3,1920.0,4.0,89.5995792341821,3.5275424895347287
4,1920.0,5.0,97.025692033179,3.819909135164529
5,1920.0,6.0,22.919127664448304,0.9023278608050512
6,1920.0,7.0,35.974338107638886,1.416312523922791
7,1920.0,8.0,40.67112147955247,1.601225255100491
8,1920.0,9.0,31.22337058738426,1.2292665585584357
9,1920.0,10.0,36.10407624421296,1.4214203245753136
10,1920.0,11.0,72.89814814814815,2.8700058326042583
11,1920.0,12.0,330.68892264660496,13.019248923094684
12,1921.0,1.0,370.5714216820988,14.58942605047633
13,1921.0,2.0,46.59614318094136,1.8344938260213133
14,1921.0,3.0,33.44636140046296,1.3167858819079907
15,1921.0,4.0,53.255937741126544,2.0966904622490765
16,1921.0,5.0,30.0601821711034,1.1834717390198188
17,1921.0,6.0,18.525217315297063,0.7293392643817743
18,1921.0,7.0,26.694248529128085,1.0509546665011058
19,1921.0,8.0,27.489170404128085,1.0822508033121294
20,1921.0,9.0,19.438215844425155,0.7652840883631952
21,1921.0,10.0,52.78557822145062,2.078172370923253
22,1921.0,11.0,25.82770001446759,1.0168385832467557
23,1921.0,12.0,148.15643084490742,5.832930348224702
24,1922.0,1.0,152.61212384259258,6.008351332385535
25,1922.0,2.0,94.37308907214506,3.715475947722247
26,1922.0,3.0,80.33909625771605,3.162956545579372
27,1922.0,4.0,40.54785759066358,1.5963723460891177
28,1922.0,5.0,25.815812475887345,1.0163705699168246
29,1922.0,6.0,9.12322395230517,0.3591820453663453
30,1922.0,7.0,14.624439380787036,0.5757653299522456
31,1922.0,8.0,28.974440586419757,1.1407260073393604
32,1922.0,9.0,105.9179084683642,4.169996396392292
33,1922.0,10.0,46.77642445505401,1.8415915139785048
34,1922.0,11.0,37.58611231674383,1.4797682014466076
35,1922.0,12.0,10.82837215470679,0.426313864358535
36,1923.0,1.0,317.6783130787037,12.507020199948965
37,1923.0,2.0,182.73247010030863,7.194191736232623
38,1923.0,3.0,188.05740017361111,7.403834652504375
39,1923.0,4.0,308.8084008487654,12.157811057038009
40,1923.0,5.0,15.934511537905092,0.6273429739332714
41,1923.0,6.0,9.475394543306328,0.3730470292640286
42,1923.0,7.0,12.205274793836804,0.4805226296786144
43,1923.0,8.0,23.379973234953702,0.9204713872029016
44,1923.0,9.0,41.42818950135031,1.6310310827303274
45,1923.0,10.0,28.048424238040123,1.1042686707889813
46,1923.0,11.0,19.333446361400465,0.7611593055669473
47,1923.0,12.0,354.25151909722223,13.946910200678042
48,1924.0,1.0,22.15498107156636,0.872243349274266
49,1924.0,2.0,60.76989896797839,2.392515707400724
50,1924.0,3.0,96.67626350308642,3.806152106420725
51,1924.0,4.0,335.7819492669753,13.21976178216438
52,1924.0,5.0,30.30396110628858,1.1930693348932513
53,1924.0,6.0,19.983677240065585,0.786758946459275
54,1924.0,7.0,65.95225091628086,2.596545311664601
55,1924.0,8.0,19.176047996238427,0.754962519536946
56,1924.0,9.0,25.83347800925926,1.0170660633566635
57,1924.0,10.0,69.72492886766975,2.745075939672037
58,1924.0,11.0,30.9058852961034,1.216767137641866
59,1924.0,12.0,169.14470003858025,6.659240158999223
60,1925.0,1.0,63.14518229166666,2.4860307988845145
61,1925.0,2.0,40.39637586805556,1.5904084987423448
62,1925.0,3.0,119.07556905864196,4.688014529867795
63,1925.0,4.0,93.62671802662037,3.686091260890566
64,1925.0,5.0,15.607254593460649,0.6144588422622304
65,1925.0,6.0,15.42099338107639,0.6071257236644249
66,1925.0,7.0,39.07191297743056,1.538264290450022
67,1925.0,8.0,18.951978141878858,0.7461408717275141
68,1925.0,9.0,48.3171688126929,1.902250740657201
69,1925.0,10.0,39.138717086226855,1.5408943734734983
70,1925.0,11.0,81.36622902199075,3.2033948433854627
71,1925.0,12.0,92.14700882523148,3.62783499311935
72,1926.0,1.0,51.98955319251543,2.0468328028549383
73,1926.0,2.0,24.85233862606096,0.9784385285850772
74,1926.0,3.0,32.761326919367285,1.289816020447531
75,1926.0,4.0,56.642445505401234,2.2300175395827257
76,1926.0,5.0,6.101630316840278,0.2402216660173337
77,1926.0,6.0,128.37162422839506,5.054000953873822
78,1926.0,7.0,43.26801215277778,1.703465045384952
79,1926.0,8.0,52.927571614583336,2.08376266199147
80,1926.0,9.0,31.831980010609566,1.2532275594728175
81,1926.0,10.0,87.72220413773148,3.453630084162657
82,1926.0,11.0,14.414534203800155,0.5675013466063054
83,1926.0,12.0,49.61887839988426,1.9534991496017424
84,1927.0,1.0,111.10322627314817,4.374142766659376
85,1927.0,2.0,69.43254484953704,2.733564757855789
86,1927.0,3.0,219.4098186728395,8.638181837513367
87,1927.0,4.0,167.95753761574073,6.612501480934675
88,1927.0,5.0,104.60763888888889,4.118410979877515
89,1927.0,6.0,26.47926613136574,1.0424907925734543
90,1927.0,7.0,33.241536458333336,1.3087219078083991
91,1927.0,8.0,23.52548858265818,0.9262003378999284
92,1927.0,9.0,75.70188319830247,2.980389102295373
93,1927.0,10.0,14.80361599392361,0.5828195273198272
94,1927.0,11.0,134.4829402970679,5.294603948703461
95,1927.0,12.0,485.87553047839504,19.1289578928502
96,1928.0,1.0,50.3732307339892,1.9831980603932755
97,1928.0,2.0,26.351933232060187,1.0374776863015822
98,1928.0,3.0,64.40694323881173,2.535706426724872
99,1928.0,4.0,66.61381172839506,2.62259101292894
100,1928.0,5.0,26.22170078607253,1.032350424648525
101,1928.0,6.0,19.6744083357446,0.7745830053442756
102,1928.0,7.0,30.96754135320216,1.219194541464652
103,1928.0,8.0,19.34942400896991,0.761788346809839
104,1928.0,9.0,11.55072925708912,0.4547531203578394
105,1928.0,10.0,44.74614197530864,1.761659132886167
106,1928.0,11.0,197.0217375578704,7.756761321176
107,1928.0,12.0,61.68247251157408,2.428443799668271
108,1929.0,1.0,62.87299864969136,2.475314907468164
109,1929.0,2.0,97.52030888310183,3.839382239492199
110,1929.0,3.0,19.35434600453318,0.7619821261627236
111,1929.0,4.0,58.08325496720679,2.2867423215435747
112,1929.0,5.0,34.81316309799383,1.3705969723619618
113,1929.0,6.0,12.127980926890432,0.4774795640508044
114,1929.0,7.0,13.295467423804013,0.5234435993623627
115,1929.0,8.0,61.49331476658951,2.420996644353918
116,1929.0,9.0,31.371756847993822,1.2351085373225916
117,1929.0,10.0,40.32092737268518,1.5874380855387868
118,1929.0,11.0,252.651668595679,9.946916086444055
119,1929.0,12.0,353.31488715277777,13.910034927274715
120,1930.0,1.0,253.56095679012347,9.98271483425683
121,1930.0,2.0,80.47803940007717,3.168426748034534
122,1930.0,3.0,137.14850983796296,5.399547631415865
123,1930.0,4.0,31.886088806905864,1.255357827043538
124,1930.0,5.0,12.49149124710648,0.4917909939805701
125,1930.0,6.0,26.439248167438272,1.040915282182609
126,1930.0,7.0,30.469313633294757,1.1995792769013682
127,1930.0,8.0,39.60027247299383,1.5590658453934578
128,1930.0,9.0,141.59886188271605,5.574758341839215
129,1930.0,10.0,126.34141107253086,4.974071302068144
130,1930.0,11.0,157.5438247492284,6.202512785402694
131,1930.0,12.0,27.14344316647377,1.0686394947430615
132,1931.0,1.0,20.912053614486883,0.8233091974207435
133,1931.0,2.0,32.295455367476855,1.2714746207668053
134,1931.0,3.0,75.46541642554013,2.9710793868322884
135,1931.0,4.0,33.926643277391975,1.3356946172201565
136,1931.0,5.0,52.79884018132716,2.078694495327841
137,1931.0,6.0,8.791846004533179,0.3461356694698102
138,1931.0,7.0,18.05958839699074,0.7110074172043599
139,1931.0,8.0,63.48467038001543,2.499396471654151
140,1931.0,9.0,50.01469063464506,1.969082308450593
141,1931.0,10.0,71.85475742669753,2.8289274577439976
142,1931.0,11.0,55.66239269868827,2.191432783412924
143,1931.0,12.0,64.58705873842592,2.542797588127005
144,1932.0,1.0,119.8875144675926,4.71998088455089
145,1932.0,2.0,483.2834201388889,19.02690630468067
146,1932.0,3.0,69.90855275848766,2.752305226712113
147,1932.0,4.0,56.05573037229938,2.206918518594464
148,1932.0,5.0,33.80287302276235,1.330821772549699
149,1932.0,6.0,82.04309534143519,3.230043123678551
150,1932.0,7.0,26.565577377507715,1.0458888731302252
151,1932.0,8.0,42.70937017746913,1.6814712668294935
152,1932.0,9.0,26.188271604938272,1.03103431515505
153,1932.0,10.0,17.900211287133487,0.7047327278399012
154,1932.0,11.0,167.77845293209876,6.605450902838534
155,1932.0,12.0,49.48229226948303,1.9481217428930329
156,1933.0,1.0,111.73511043595678,4.39902009590381
157,1933.0,2.0,168.46152826003086,6.63234363228468
158,1933.0,3.0,257.1822675540124,10.125286124173716
159,1933.0,4.0,16.795698001060956,0.6612479527976755
160,1933.0,5.0,23.523488739390437,0.9261216039130092
161,1933.0,6.0,20.32476279176312,0.800187511486737
162,1933.0,7.0,17.034985954378858,0.6706687383613724
163,1933.0,8.0,14.95199019820602,0.5886610314254338
164,1933.0,9.0,15.387080439814817,0.6057905684966463
165,1933.0,10.0,10.778018904320987,0.4243314529260231
166,1933.0,11.0,27.148977020640437,1.06885736301734
167,1933.0,12.0,172.76387683256172,6.8017274343528245
168,1934.0,1.0,57.236653645833336,2.2534115608595804
169,1934.0,2.0,88.10810908564815,3.468823192348353
170,1934.0,3.0,42.35713855131173,1.6676038799729027
171,1934.0,4.0,57.43803650655864,2.261340019943254
172,1934.0,5.0,37.18536000192901,1.463990551257048
173,1934.0,6.0,97.25727599344135,3.829026613915014
174,1934.0,7.0,37.73904682677469,1.48578924514861
175,1934.0,8.0,22.010716567804785,0.8665636444017633
176,1934.0,9.0,69.20353491512346,2.724548618705648
177,1934.0,10.0,28.886305820794757,1.1372561346769587
178,1934.0,11.0,83.1555507330247,3.2738405800403427
179,1934.0,12.0,57.53804374035494,2.2652773126123997
180,1935.0,1.0,169.26564911265433,6.664001933569068
181,1935.0,2.0,336.8799672067901,13.262990834912998
182,1935.0,3.0,104.66283275462963,4.120583966717702
183,1935.0,4.0,17.657781153549383,0.6951882343917081
184,1935.0,5.0,14.742823471257717,0.5804261209156582
185,1935.0,6.0,11.806404773099922,0.4648190855551151
186,1935.0,7.0,17.937215169270832,0.7061895735933399
187,1935.0,8.0,12.254401312934029,0.4824567446037019
188,1935.0,9.0,43.24128327546296,1.7024127273804317
189,1935.0,10.0,128.42380401234567,5.056055276076601
190,1935.0,11.0,78.27651186342592,3.08175243556795
191,1935.0,12.0,41.03271182966821,1.6154610956562288
192,1936.0,1.0,50.36646713445216,1.9829317769469357
193,1936.0,2.0,133.7060908564815,5.264019325058327
194,1936.0,3.0,40.2096565152392,1.5830573431196535
195,1936.0,4.0,52.71471715856482,2.0753825652978275
196,1936.0,5.0,41.48110773533951,1.633114477769272
197,1936.0,6.0,31.504017771026238,1.2403156602766234
198,1936.0,7.0,25.87500301408179,1.0187009060662122
199,1936.0,8.0,114.7351707175926,4.517132705417032
200,1936.0,9.0,67.22424165702161,2.646623687284316
201,1936.0,10.0,231.4762008101852,9.113236252369497
202,1936.0,11.0,105.19233458719135,4.141430495558715
203,1936.0,12.0,213.942756558642,8.422943171600078
204,1937.0,1.0,188.2316864390432,7.410696316497765
205,1937.0,2.0,217.3820891203704,8.558349965368913
206,1937.0,3.0,146.14331356095678,5.753673762242394
207,1937.0,4.0,111.88142602237654,4.404780552062069
208,1937.0,5.0,59.79128689236112,2.353987672927603
209,1937.0,6.0,20.96714650848765,0.825478208995577
210,1937.0,7.0,45.84331898630401,1.8048550782009452
211,1937.0,8.0,64.9695758584105,2.557857317260256
212,1937.0,9.0,19.049146110628858,0.7499663823082228
213,1937.0,10.0,25.843439549575617,1.017458249983292
214,1937.0,11.0,57.7114559220679,2.272104563860941
215,1937.0,12.0,200.7371841242284,7.903038745048363
216,1938.0,1.0,87.58288122106481,3.4481449299631817
217,1938.0,2.0,287.6976514274691,11.32667919005784
218,1938.0,3.0,127.46266155478396,5.018215021841888
219,1938.0,4.0,64.88973283179013,2.5547138910153597
220,1938.0,5.0,55.91874035493827,2.2015252108243417
221,1938.0,6.0,37.83539195119599,1.4895823602833067
222,1938.0,7.0,16.06911590952932,0.6326423586428866
223,1938.0,8.0,102.36771797839506,4.030225117259649
224,1938.0,9.0,3.9596881630979937,0.1558932347676375
225,1938.0,10.0,27.979736328125,1.1015644223671262
226,1938.0,11.0,51.29644097222222,2.019544920166229
227,1938.0,12.0,69.69914641203704,2.744060882363663
228,1939.0,1.0,63.906852816358025,2.5160178274156704
229,1939.0,2.0,89.09297236689815,3.507597337279455
230,1939.0,3.0,122.63009982638889,4.827956686078303
231,1939.0,4.0,120.86645206404322,4.758521734804852
232,1939.0,5.0,31.331989052854937,1.2335428760966511
233,1939.0,6.0,20.839470003858025,0.8204515749550404
234,1939.0,7.0,15.95785861545139,0.6282621502146216
235,1939.0,8.0,32.08895459587191,1.2633446691288155
236,1939.0,9.0,90.07423683449076,3.546229796633494
237,1939.0,10.0,425.4125192901234,16.748524381500925
238,1939.0,11.0,62.43232180748457,2.457965425491518
239,1939.0,12.0,70.27534842785494,2.766746001096651
240,1940.0,1.0,119.25542534722224,4.695095486111112
241,1940.0,2.0,45.97340977044753,1.8099767626160448
242,1940.0,3.0,77.83555169753086,3.064391799115388
243,1940.0,4.0,84.7581199363426,3.33693385576152
244,1940.0,5.0,92.73313922646604,3.650910993167955
245,1940.0,6.0,10.267774040316358,0.4042430724533999
246,1940.0,7.0,12.38458553361304,0.4875821076225606
247,1940.0,8.0,25.095680519386573,0.9880189180860856
248,1940.0,9.0,19.274040316358025,0.7588204848959853
249,1940.0,10.0,34.1218563126929,1.343380169791059
250,1940.0,11.0,189.65614149305557,7.466777224136045
251,1940.0,12.0,61.613986545138886,2.425747501777121
252,1941.0,1.0,51.941587094907405,2.044944373815252
253,1941.0,2.0,26.600983796296298,1.0472828266258385
254,1941.0,3.0,45.06294608410494,1.7741317355946826
255,1941.0,4.0,7.939268512490355,0.3125696264759982
256,1941.0,5.0,30.16037929205247,1.187416507561121
257,1941.0,6.0,30.14083598572531,1.1866470860521776
258,1941.0,7.0,17.66695903260031,0.6955495682126107
259,1941.0,8.0,35.81229504243827,1.409932875686546
260,1941.0,9.0,45.39106505594136,1.7870498053520223
261,1941.0,10.0,202.20331790123456,7.9607605472927
262,1941.0,11.0,13.510806990258487,0.5319215350495468
263,1941.0,12.0,43.13816852334105,1.69835309147012
264,1942.0,1.0,20.81088897328318,0.819326337530834
265,1942.0,2.0,101.01862099729938,3.977111062885802
266,1942.0,3.0,87.3109748746142,3.4374399556934727
267,1942.0,4.0,99.13350573881172,3.902893926724872
268,1942.0,5.0,25.43097149884259,1.0012193503481337
269,1942.0,6.0,51.5985725308642,2.0314398634198505
270,1942.0,7.0,31.952703028549383,1.2579804341948575
271,1942.0,8.0,30.73621961805556,1.2100873865376205
272,1942.0,9.0,24.716836058063272,0.9731037818135148
273,1942.0,10.0,105.47470582561728,4.152547473449499
274,1942.0,11.0,73.42898220486111,2.890904811215005
275,1942.0,12.0,241.60069444444449,9.511838363954508
276,1943.0,1.0,215.9124469521605,8.500490037486635
277,1943.0,2.0,100.26109784915124,3.9472873168957183
278,1943.0,3.0,73.96034673996914,2.911824674801935
279,1943.0,4.0,19.532535505883487,0.7689974608615546
280,1943.0,5.0,147.1416618441358,5.792978812761252
281,1943.0,6.0,7.779136375144676,0.3062652116198691
282,1943.0,7.0,11.797923146942516,0.4644851632654534
283,1943.0,8.0,23.219646689332563,0.91415931847766
284,1943.0,9.0,11.24374728732639,0.442667216036472
285,1943.0,10.0,27.418583622685187,1.079471796168708
286,1943.0,11.0,11.678337944878471,0.4597770844440343
287,1943.0,12.0,48.4136646412037,1.906049789023768
288,1944.0,1.0,6.933573404947917,0.2729753309034613
289,1944.0,2.0,197.947639371142,7.793214148470157
290,1944.0,3.0,266.166690779321,10.479003573989017
291,1944.0,4.0,8.810375072337964,0.3468651603282663
292,1944.0,5.0,12.985784083236885,0.5112513418597199
293,1944.0,6.0,26.49093062789352,1.0429500247202173
294,1944.0,7.0,8.976659704137731,0.3534117993755012
295,1944.0,8.0,11.704626766251929,0.4608120774114932
296,1944.0,9.0,20.732155128761573,0.8162265798725029
297,1944.0,10.0,29.60572796103395,1.1655798409855886
298,1944.0,11.0,27.264238522376544,1.0733952174163994
299,1944.0,12.0,89.4683220003858,3.5223748819049527
300,1945.0,1.0,11.080225815007717,0.4362293627955794
301,1945.0,2.0,29.81819661458333,1.1739447486056431
302,1945.0,3.0,20.04160186390818,0.789039443460952
303,1945.0,4.0,344.5003375771605,13.563005416423644
304,1945.0,5.0,11.877185962818286,0.4676057465676491
305,1945.0,6.0,6.744756251205633,0.2655415846931351
306,1945.0,7.0,33.58415919174383,1.3222109918009382
307,1945.0,8.0,47.48957730516975,1.8696683978413289
308,1945.0,9.0,21.17024287471065,0.8334741289256161
309,1945.0,10.0,14.236973138503089,0.5605107534843735
310,1945.0,11.0,82.63385537229938,3.253301392610212
311,1945.0,12.0,225.22538097993828,8.867140983462138
312,1946.0,1.0,156.689453125,6.168876107283465
313,1946.0,2.0,88.43129701967592,3.481547126758895
314,1946.0,3.0,47.53068636670525,1.8712868648309156
315,1946.0,4.0,13.677877543885032,0.5384991159009855
316,1946.0,5.0,5.744133843315972,0.2261470017053532
317,1946.0,6.0,14.817979600694445,0.5833850236493876
318,1946.0,7.0,35.950083791473766,1.4153576295855814
319,1946.0,8.0,28.39649944540895,1.1179724191105886
320,1946.0,9.0,6.977869857976466,0.2747192857471049
321,1946.0,10.0,31.846290870949076,1.2537909791712234
322,1946.0,11.0,82.27271412037037,3.239083233085448
323,1946.0,12.0,223.28105709876544,8.790592799163994
324,1947.0,1.0,41.777440200617285,1.6447811102605232
325,1947.0,2.0,51.4876121238426,2.02707134345837
326,1947.0,3.0,93.03458960262346,3.662779118213522
327,1947.0,4.0,44.780490451388886,1.763011435094051
328,1947.0,5.0,78.58186848958333,3.093774349983596
329,1947.0,6.0,17.89097011236497,0.704368902061613
330,1947.0,7.0,25.83489764178241,1.0171219544008825
331,1947.0,8.0,73.71037085262346,2.9019831044339943
332,1947.0,9.0,40.38811728395062,1.5900833576358513
333,1947.0,10.0,13.584766529224536,0.5348333279222258
334,1947.0,11.0,70.39259018132717,2.771361818162487
335,1947.0,12.0,134.4439139660494,5.2930674789783225
336,1948.0,1.0,255.49973476080248,10.059044675622143
337,1948.0,2.0,128.79041280864195,5.070488693253622
338,1948.0,3.0,58.0375072337963,2.2849412296770195
339,1948.0,4.0,42.571316189236114,1.676036070442367
340,1948.0,5.0,27.262589819637345,1.073330307859738
341,1948.0,6.0,26.735252097800927,1.052568980228383
342,1948.0,7.0,22.756911289544757,0.8959413893521557
343,1948.0,8.0,36.76579378858025,1.4474721964007973
344,1948.0,9.0,23.80569721739969,0.9372321739133735
345,1948.0,10.0,31.09226707175926,1.224105002825168
346,1948.0,11.0,96.00057870370372,3.779550342665501
347,1948.0,12.0,82.88128134645062,3.2630425726949066
348,1949.0,1.0,407.0358796296296,16.02503463108778
349,1949.0,2.0,124.54365596064817,4.903293541757802
350,1949.0,3.0,31.205768349729937,1.228573557075982
351,1949.0,4.0,26.26682460455247,1.034126952935137
352,1949.0,5.0,19.75470799575617,0.7777444092817392
353,1949.0,6.0,41.54050323109568,1.6354528831140032
354,1949.0,7.0,31.600947627314813,1.244131796350977
355,1949.0,8.0,14.524958104263115,0.5718487442623275
356,1949.0,9.0,8.240956247588734,0.3244470963617612
357,1949.0,10.0,11.0701444649402,0.4358324592496142
358,1949.0,11.0,43.14809992283951,1.6987440914503744
359,1949.0,12.0,143.4510151427469,5.647677761525469
360,1950.0,1.0,371.9470003858025,14.64358269235443
361,1950.0,2.0,69.58986183449075,2.7397583399405807
362,1950.0,3.0,57.61916473765432,2.268471052663556
363,1950.0,4.0,182.24299527391972,7.1749210737763685
364,1950.0,5.0,34.43122769579475,1.3555601455037305
365,1950.0,6.0,5.796616919246721,0.2282132645372724
366,1950.0,7.0,11.305878062307098,0.4451133095396495
367,1950.0,8.0,101.02507113233024,3.977365005209853
368,1950.0,9.0,14.82985809702932,0.5838526809854063
369,1950.0,10.0,26.463984736689813,1.0418891628618037
370,1950.0,11.0,123.13552517361111,4.847855321795714
371,1950.0,12.0,169.64591772762347,6.678973138882814
372,1951.0,1.0,81.33376133294753,3.2021165879113203
373,1951.0,2.0,109.70120804398148,4.3189451985819485
374,1951.0,3.0,475.5218460648149,18.721332522236807
375,1951.0,4.0,34.31493537808642,1.350981707798678
376,1951.0,5.0,17.232399269386573,0.6784409161175816
377,1951.0,6.0,15.775639286747683,0.6210881608955782
378,1951.0,7.0,11.34351188753858,0.4465949562023064
379,1951.0,8.0,31.59567901234568,1.2439243705647909
380,1951.0,9.0,20.662688078703702,0.8134916566418781
381,1951.0,10.0,212.3941695601852,8.36197517953485
382,1951.0,11.0,26.44754593460648,1.041241965929389
383,1951.0,12.0,180.73025173611111,7.1153642415791785
384,1952.0,1.0,200.98357928240745,7.912739341827065
385,1952.0,2.0,41.10719581886574,1.6183935361758166
386,1952.0,3.0,97.44949001736111,3.8365940951716975
387,1952.0,4.0,29.218837408371915,1.150347929463461
388,1952.0,5.0,24.47699200665509,0.9636611026242162
389,1952.0,6.0,12.38311164761767,0.4875240806148689
390,1952.0,7.0,14.057481553819445,0.5534441556621829
391,1952.0,8.0,14.614328643422068,0.5753672694260658
392,1952.0,9.0,14.05862991898148,0.5534893668890347
393,1952.0,10.0,135.85867573302468,5.348766761142705
394,1952.0,11.0,58.63263768325617,2.3083715623329204
395,1952.0,12.0,28.489384403935187,1.1216293072415429
396,1953.0,1.0,39.81511923707562,1.567524379412426
397,1953.0,2.0,103.77888695987654,4.085782951176242
398,1953.0,3.0,99.14561631944444,3.9033707212379705
399,1953.0,4.0,29.18479636863426,1.1490077310485929
400,1953.0,5.0,15.983229648919751,0.6292610097999903
401,1953.0,6.0,10.8876493477527,0.4286476121162481
402,1953.0,7.0,8.508934491946373,0.3349974209427706
403,1953.0,8.0,9.542988341531636,0.3757082024225053
404,1953.0,9.0,7.2338588384934415,0.2847975920666709
405,1953.0,10.0,17.429931640625,0.6862177811269685
406,1953.0,11.0,32.25083490065587,1.2697179094746405
407,1953.0,12.0,95.56846788194444,3.762538105588364
408,1954.0,1.0,97.97436824845678,3.857258592458929
409,1954.0,2.0,124.2760296103395,4.892757071273209
410,1954.0,3.0,81.24704619984568,3.1987026062931374
411,1954.0,4.0,105.26069396219135,4.144121809535093
412,1954.0,5.0,25.75188078703704,1.0138535742927968
413,1954.0,6.0,22.20433364679784,0.874186364047159
414,1954.0,7.0,48.97334044656636,1.9280842695498568
415,1954.0,8.0,35.86282612364969,1.411922288332665
416,1954.0,9.0,13.806940526138115,0.5435803356747291
417,1954.0,10.0,41.207404996141975,1.6223387793756685
418,1954.0,11.0,307.71342110339504,12.1147016182439
419,1954.0,12.0,194.9063464506173,7.673478206717217
420,1955.0,1.0,88.86155116705247,3.4984862664193885
421,1955.0,2.0,390.51953125,15.37478469488189
422,1955.0,3.0,172.3755184220679,6.78643773315228
423,1955.0,4.0,33.80362352912809,1.330851320044413
424,1955.0,5.0,32.439272280092595,1.2771367039406534
425,1955.0,6.0,10.81549750434028,0.4258069883598535
426,1955.0,7.0,16.373128255208332,0.6446113486302494
427,1955.0,8.0,40.17515733506944,1.5816991076798994
428,1955.0,9.0,47.36745575327932,1.8648604627275325
429,1955.0,10.0,30.264678578317906,1.1915227786739333
430,1955.0,11.0,215.66640142746917,8.490803205805872
431,1955.0,12.0,242.0636091820988,9.530063353625936
432,1956.0,1.0,174.1595775462963,6.856676281350248
433,1956.0,2.0,300.5290075231481,11.831850689887723
434,1956.0,3.0,35.448875144675924,1.3956250056959023
435,1956.0,4.0,52.93843436535494,2.084190329344682
436,1956.0,5.0,35.10148714795525,1.381948312911624
437,1956.0,6.0,14.44434196566358,0.5686748805379362
438,1956.0,7.0,31.041681737075617,1.2221134542155756
439,1956.0,8.0,65.47376543209876,2.5777073004763293
440,1956.0,9.0,27.14360894097222,1.068646021298119
441,1956.0,10.0,49.975980782214506,1.9675582985123825
442,1956.0,11.0,102.70293209876544,4.043422523573442
443,1956.0,12.0,222.1964457947531,8.747891566722563
444,1957.0,1.0,428.1941550925926,16.858037602070578
445,1957.0,2.0,77.91492452739197,3.067516713676849
446,1957.0,3.0,27.66101827739197,1.0890164676138574
447,1957.0,4.0,94.64351249035494,3.726122538990352
448,1957.0,5.0,14.169977635513115,0.557873135256422
449,1957.0,6.0,6.442313488618828,0.2536343893157018
450,1957.0,7.0,13.322297272858796,0.5244998926322361
451,1957.0,8.0,50.98996913580247,2.007479099834743
452,1957.0,9.0,7.256162290219907,0.2856756807173192
453,1957.0,10.0,10.33792679398148,0.4070049918890347
454,1957.0,11.0,108.38294511959876,4.26704508344877
455,1957.0,12.0,187.17071759259255,7.368925889472149
456,1958.0,1.0,26.338716483410494,1.036957341866555
457,1958.0,2.0,124.32046923225307,4.89450666268713
458,1958.0,3.0,233.1876205632716,9.180614982805968
459,1958.0,4.0,33.2196361400463,1.307859690553004
460,1958.0,5.0,35.0050666714892,1.378152231160992
461,1958.0,6.0,24.97956000434028,0.9834472442653652
462,1958.0,7.0,66.98825713734568,2.637332958163216
463,1958.0,8.0,191.2846981095679,7.530893626360942
464,1958.0,9.0,19.815297067901238,0.7801298058228833
465,1958.0,10.0,119.65828751929013,4.710956201546856
466,1958.0,11.0,36.74532515914352,1.44666634484817
467,1958.0,12.0,100.83071108217592,3.969713034731336
468,1959.0,1.0,189.9501591435185,7.478352722185768
469,1959.0,2.0,98.99099392361111,3.8972832253390206
470,1959.0,3.0,24.70604263117284,0.9726788437469622
471,1959.0,4.0,46.06632185570987,1.8136347187287352
472,1959.0,5.0,21.472142349054785,0.8453599350021569
473,1959.0,6.0,3.786196484977817,0.1490628537392841
474,1959.0,7.0,18.24654586226852,0.7183679473334063
475,1959.0,8.0,162.70650077160494,6.405767746913581
476,1959.0,9.0,33.44437813464506,1.316707800576577
477,1959.0,10.0,13.39927993586034,0.5275307061362339
478,1959.0,11.0,56.86763358410494,2.2388832119726354
479,1959.0,12.0,27.37091893325617,1.0775952335927628
480,1960.0,1.0,43.45717592592592,1.7109124380285798
481,1960.0,2.0,88.75371334876543,3.494240683022261
482,1960.0,3.0,118.61588541666669,4.6699167486876645
483,1960.0,4.0,20.70348518277392,0.815097841841493
484,1960.0,5.0,53.893403983410494,2.121787558401988
485,1960.0,6.0,18.51183479214892,0.7288123933916898
486,1960.0,7.0,32.43506462191358,1.276971048106834
487,1960.0,8.0,20.3957836009838,0.8029836063379449
488,1960.0,9.0,46.88233024691358,1.8457610333430543
489,1960.0,10.0,97.3712203414352,3.833512611867528
490,1960.0,11.0,64.9844352816358,2.5584423339226694
491,1960.0,12.0,81.2548225308642,3.199008761057646
492,1961.0,1.0,120.17890383873456,4.731452907036794
493,1961.0,2.0,59.81396484375,2.354880505659449
494,1961.0,3.0,34.134702329282405,1.3438859184756853
495,1961.0,4.0,39.659903067129626,1.5614135065799066
496,1961.0,5.0,64.75285734953704,2.5493250925014586
497,1961.0,6.0,27.071876808449076,1.0658219215924831
498,1961.0,7.0,36.41509934413581,1.4336653285092835
499,1961.0,8.0,18.55361599392361,0.7304573225954177
500,1961.0,9.0,38.1961052035108,1.5037836694295592
501,1961.0,10.0,58.45734471450617,2.3014702643506366
502,1961.0,11.0,118.85939911265432,4.679503902073005
503,1961.0,12.0,76.87486135223766,3.026569344576286
504,1962.0,1.0,129.79401765046296,5.110000694900117
505,1962.0,2.0,89.23685860339506,3.513262149739963
506,1962.0,3.0,229.22154706790124,9.024470357003986
507,1962.0,4.0,80.20103925540124,3.157521230527608
508,1962.0,5.0,57.026059751157405,2.2451204626439925
509,1962.0,6.0,20.815294053819443,0.8194997658984033
510,1962.0,7.0,10.715711805555555,0.4218784175415573
511,1962.0,8.0,16.279700761959877,0.6409331008645621
512,1962.0,9.0,31.151225525655864,1.226426201797475
513,1962.0,10.0,79.42433449074075,3.126942302785069
514,1962.0,11.0,5.194279800226659,0.204499204733333
515,1962.0,12.0,73.73266902970678,2.902860985421527
516,1963.0,1.0,310.75419560185185,12.234417149679206
517,1963.0,2.0,85.9616367669753,3.384316408148634
518,1963.0,3.0,239.4913435570988,9.428793053429086
519,1963.0,4.0,376.37126253858025,14.817766241676388
520,1963.0,5.0,122.57378472222224,4.825739555993001
521,1963.0,6.0,16.706791630497687,0.657747701988098
522,1963.0,7.0,34.59615825135031,1.3620534744626107
523,1963.0,8.0,22.185604142554013,0.8734489819903155
524,1963.0,9.0,56.38304157021605,2.2198047862289787
525,1963.0,10.0,28.937430676118822,1.1392689242566467
526,1963.0,11.0,22.17220052083333,0.8729212803477691
527,1963.0,12.0,85.66098813657408,3.372479847896617
528,1964.0,1.0,94.10514322916669,3.7049268987860895
529,1964.0,2.0,21.69146201051312,0.8539945673430361
530,1964.0,3.0,139.64764178240742,5.497938652850686
531,1964.0,4.0,43.467710141782405,1.7113271709363151
532,1964.0,5.0,13.199019820601851,0.5196464496299942
533,1964.0,6.0,9.566130461516204,0.376619309508512
534,1964.0,7.0,34.25406298225309,1.3485851567816178
535,1964.0,8.0,21.990914050443678,0.8657840177340029
536,1964.0,9.0,17.281201774691358,0.680362274594148
537,1964.0,10.0,44.34205307195216,1.7457501209429984
538,1964.0,11.0,121.92000626929013,4.800000246822446
539,1964.0,12.0,390.8722752700617,15.38867225472684
540,1965.0,1.0,148.0448254243827,5.828536434030816
541,1965.0,2.0,107.54734519675924,4.234147448691309
542,1965.0,3.0,23.629777319637345,0.9303061936865096
543,1965.0,4.0,169.05180603780863,6.655582914874356
544,1965.0,5.0,129.71840036651236,5.107023636476865
545,1965.0,6.0,8.247474199459877,0.3247037086401526
546,1965.0,7.0,48.946732132523145,1.927036698130833
547,1965.0,8.0,36.39214108314043,1.432761459966159
548,1965.0,9.0,16.589237919560187,0.6531196031322909
549,1965.0,10.0,181.17533516589504,7.132887211255712
550,1965.0,11.0,365.765697337963,14.400224304644214
551,1965.0,12.0,188.7452136381173,7.430913922760523
552,1966.0,1.0,34.119291329089506,1.3432791861846265
553,1966.0,2.0,152.84818672839506,6.017645146787207
554,1966.0,3.0,24.282707308545525,0.956012098761635
555,1966.0,4.0,28.849247685185187,1.1357971529600468
556,1966.0,5.0,28.172718942901238,1.109162163106348
557,1966.0,6.0,11.064561631944445,0.4356126626749781
558,1966.0,7.0,96.92741488233024,3.816039955997254
559,1966.0,8.0,28.28612678433642,1.1136270387534024
560,1966.0,9.0,25.24061565634645,0.9937250258404114
561,1966.0,10.0,84.87860484182099,3.3416773559772044
562,1966.0,11.0,295.52912808641975,11.635005042772432
563,1966.0,12.0,97.65969208140432,3.8448697669844223
564,1967.0,1.0,69.75417751736111,2.74622746131343
565,1967.0,2.0,69.02501085069444,2.717520112232065
566,1967.0,3.0,213.36325713734567,8.400128233753767
567,1967.0,4.0,94.1005859375,3.704747477854331
568,1967.0,5.0,39.05224006558642,1.53748976636167
569,1967.0,6.0,15.884506413966047,0.6253742682663799
570,1967.0,7.0,60.4384162808642,2.3794652079080394
571,1967.0,8.0,85.86568045910494,3.380538600752163
572,1967.0,9.0,13.254546742380402,0.5218325489126143
573,1967.0,10.0,42.25816514756944,1.6637072892743876
574,1967.0,11.0,93.13603153935183,3.666772895250073
575,1967.0,12.0,268.7860725308642,10.582128839797804
576,1968.0,1.0,221.24452642746917,8.710414426278312
577,1968.0,2.0,99.77641541280865,3.928205331212939
578,1968.0,3.0,213.22065489969137,8.394513972428795
579,1968.0,4.0,133.574520158179,5.258839376306261
580,1968.0,5.0,27.23613220968364,1.0722886696725844
581,1968.0,6.0,12.249155303578318,0.482250208802296
582,1968.0,7.0,26.17236629533179,1.0304081218634564
583,1968.0,8.0,11.128214518229166,0.4381186818200459
584,1968.0,9.0,46.95413471739969,1.848587980999988
585,1968.0,10.0,130.90479118441357,5.153731936394236
586,1968.0,11.0,154.51194782021605,6.08314755197701
587,1968.0,12.0,285.27625868055554,11.231348766951006
588,1969.0,1.0,250.8521412037037,9.876068551326918
589,1969.0,2.0,122.51908516589506,4.823586030153349
590,1969.0,3.0,54.881462191358025,2.160687487848741
591,1969.0,4.0,40.20290497202932,1.5827915343318633
592,1969.0,5.0,15.586137936439044,0.6136274778125608
593,1969.0,6.0,14.20412567515432,0.5592175462659182
594,1969.0,7.0,31.22493489583333,1.2293281455052494
595,1969.0,8.0,19.899709442515437,0.7834531276580879
596,1969.0,9.0,33.24097282503858,1.308699717521204
597,1969.0,10.0,27.17155852141204,1.069746398480789
598,1969.0,11.0,115.35392554012346,4.541493131500924
599,1969.0,12.0,90.6033950617284,3.5670627977058422
600,1970.0,1.0,213.90019772376544,8.4212676269199
601,1970.0,2.0,70.80967279128086,2.7877823933575145
602,1970.0,3.0,6.243281234929591,0.2457984738161256
603,1970.0,4.0,39.7889087818287,1.5664924717255395
604,1970.0,5.0,16.907990632233798,0.6656689225288898
605,1970.0,6.0,14.0657958984375,0.5537714920644685
606,1970.0,7.0,81.18708405671296,3.1963418919965734
607,1970.0,8.0,15.796409324363426,0.6219058789119459
608,1970.0,9.0,23.979309835551696,0.944067316360303
609,1970.0,10.0,46.8723777488426,1.8453692027103383
610,1970.0,11.0,111.7081886574074,4.397960183362496
611,1970.0,12.0,62.656135464891975,2.466776986806771
612,1971.0,1.0,575.3592785493827,22.6519401003694
613,1971.0,2.0,62.270115981867285,2.451579369364854
614,1971.0,3.0,115.300479841821,4.539388970150433
615,1971.0,4.0,90.4796127507716,3.562189478376835
616,1971.0,5.0,13.158588927469136,0.5180546821838243
617,1971.0,6.0,57.17118176118827,2.2508339276058376
618,1971.0,7.0,7.692045988859953,0.3028364562543288
619,1971.0,8.0,29.71685112847222,1.1699547688374892
620,1971.0,9.0,27.897147472993822,1.0983128926375525
621,1971.0,10.0,28.173996913580247,1.1092124769126082
622,1971.0,11.0,57.47087191358025,2.2626327525031598
623,1971.0,12.0,146.6927445023148,5.775304901665938
624,1972.0,1.0,151.23124035493828,5.953985840745601
625,1972.0,2.0,148.23600260416666,5.836063094652231
626,1972.0,3.0,109.26982060185183,4.30196144101779
627,1972.0,4.0,164.99870997299382,6.496012203661175
628,1972.0,5.0,6.336249457465278,0.2494586400576881
629,1972.0,6.0,20.37366928288966,0.8021129638932938
630,1972.0,7.0,11.575952600549767,0.4557461653759752
631,1972.0,8.0,32.198881172839506,1.2676724871196656
632,1972.0,9.0,52.97803337191358,2.0857493453509286
633,1972.0,10.0,102.79294463734568,4.0469663243049485
634,1972.0,11.0,87.21885850694444,3.433813327045057
635,1972.0,12.0,94.63445216049382,3.725765833090308
636,1973.0,1.0,43.54370418595679,1.714319062439244
637,1973.0,2.0,51.093671633873456,2.011561875349349
638,1973.0,3.0,40.06668354552469,1.577428486044279
639,1973.0,4.0,31.68089916087963,1.24727949452282
640,1973.0,5.0,24.885020314911262,0.9797252092484752
641,1973.0,6.0,16.11009837962963,0.634255841717702
642,1973.0,7.0,23.94794379340278,0.942832432811133
643,1973.0,8.0,19.301914544753085,0.7599178954627199
644,1973.0,9.0,16.030528127411266,0.6311231546224908
645,1973.0,10.0,42.44372106481482,1.6710126403470402
646,1973.0,11.0,67.9324664834105,2.67450655446498
647,1973.0,12.0,101.21250482253086,3.984744284351609
648,1974.0,1.0,252.54545235339504,9.942734344621853
649,1974.0,2.0,64.46093147183642,2.5378319477100955
650,1974.0,3.0,135.10669849537038,5.319161358085449
651,1974.0,4.0,338.22665895061726,13.316010194906193
652,1974.0,5.0,59.71925636574074,2.351151825422864
653,1974.0,6.0,37.621871383101855,1.4811760387047974
654,1974.0,7.0,57.72586323302469,2.272671780827744
655,1974.0,8.0,10.309569558979552,0.4058885653141556
656,1974.0,9.0,62.273847415123456,2.451726276185963
657,1974.0,10.0,44.12572639371142,1.7372333225870638
658,1974.0,11.0,115.40336853780865,4.543439706212939
659,1974.0,12.0,31.906180676118822,1.2561488455164893
660,1975.0,1.0,196.3004195601852,7.728362974810441
661,1975.0,2.0,148.28096064814815,5.837833096383786
662,1975.0,3.0,80.00743272569444,3.1498989262084427
663,1975.0,4.0,26.68035662615741,1.0504077411872996
664,1975.0,5.0,7.348929699556328,0.2893279409274145
665,1975.0,6.0,5.725096902729552,0.2253975158554942
666,1975.0,7.0,12.898405852141204,0.5078112540213072
667,1975.0,8.0,6.726561746479552,0.2648252656094312
668,1975.0,9.0,7.331653736255787,0.2886477848919601
669,1975.0,10.0,21.82647026909722,0.8593098531140639
670,1975.0,11.0,325.3024932484568,12.807184773561293
671,1975.0,12.0,59.08175395447531,2.3260533052943035
672,1976.0,1.0,51.58002989969136,2.0307098385705262
673,1976.0,2.0,394.546272183642,15.533317802505591
674,1976.0,3.0,107.1699821566358,4.219290636088024
675,1976.0,4.0,72.6636043595679,2.860771825179839
676,1976.0,5.0,13.634425033757717,0.5367883871558157
677,1976.0,6.0,10.869099934895834,0.4279173202714895
678,1976.0,7.0,13.78453987027392,0.5426984200895244
679,1976.0,8.0,19.26512767650463,0.7584695935631744
680,1976.0,9.0,15.133451485339506,0.5958051765881696
681,1976.0,10.0,46.84611605420525,1.844335277724616
682,1976.0,11.0,42.10770519868827,1.657783669239696
683,1976.0,12.0,5.880717713155864,0.2315243194155852
684,1977.0,1.0,31.932963806905864,1.2572032994844828
685,1977.0,2.0,42.92418077256944,1.6899283768728128
686,1977.0,3.0,101.28759162808642,3.987700457798678
687,1977.0,4.0,71.54167872299382,2.816601524527316
688,1977.0,5.0,114.01282793209876,4.488694013074754
689,1977.0,6.0,47.002085744598766,1.850475816716487
690,1977.0,7.0,9.118988413869598,0.3590152918846299
691,1977.0,8.0,11.134901258680555,0.4383819393181321
692,1977.0,9.0,6.59630443431713,0.2596970249731153
693,1977.0,10.0,28.441324869791668,1.1197371995980971
694,1977.0,11.0,14.78766547309028,0.5821915540586724
695,1977.0,12.0,131.54566936728395,5.178963360916692
696,1978.0,1.0,29.09939236111111,1.1456453685476815
697,1978.0,2.0,12.586653344425155,0.4955375332450848
698,1978.0,3.0,85.92769217785494,3.382980007002163
699,1978.0,4.0,79.60823567708333,3.134182506971785
700,1978.0,5.0,199.68532986111111,7.861627159886265
701,1978.0,6.0,68.19511959876543,2.684847228297852
702,1978.0,7.0,13.553995768229166,0.5336218806389436
703,1978.0,8.0,37.02382028838735,1.45763072001525
704,1978.0,9.0,13.24854419849537,0.5215962282872193
705,1978.0,10.0,156.95911699459876,6.179492795062943
706,1978.0,11.0,122.3188175154321,4.815701476985516
707,1978.0,12.0,99.69264805169752,3.9249074036101392
708,1979.0,1.0,166.70685040509258,6.563261826972149
709,1979.0,2.0,368.60546875,14.512026328740156
710,1979.0,3.0,28.903986424575617,1.137952221439985
711,1979.0,4.0,22.721265251253858,0.8945380020178685
712,1979.0,5.0,9.752959074797454,0.3839747667243092
713,1979.0,6.0,20.209801191165123,0.7956614642190994
714,1979.0,7.0,11.053182719666282,0.4351646740026095
715,1979.0,8.0,9.799898124035494,0.3858227607887989
716,1979.0,9.0,16.984183605806326,0.6686686458978869
717,1979.0,10.0,40.22637562692901,1.583715575863347
718,1979.0,11.0,59.14256004050926,2.328447245689341
719,1979.0,12.0,67.1093448591821,2.642100191306382
720,1980.0,1.0,363.919921875,14.32755597933071
721,1980.0,2.0,108.72751494984568,4.280610824797074
722,1980.0,3.0,202.96549479166663,7.9907675114829395
723,1980.0,4.0,85.90889033564815,3.382239776994022
724,1980.0,5.0,71.04896677276234,2.797203416250486
725,1980.0,6.0,105.91776379243828,4.169990700489696
726,1980.0,7.0,24.83778965326003,0.9778657343803164
727,1980.0,8.0,17.71571632667824,0.6974691467196158
728,1980.0,9.0,10.360818745177468,0.4079062498101365
729,1980.0,10.0,53.25085599922839,2.0964903936704093
730,1980.0,11.0,12.054448634018131,0.4745845918904777
731,1980.0,12.0,170.90553867669752,6.728564514830612
732,1981.0,1.0,49.51842809606482,1.9495444132308983
733,1981.0,2.0,113.1496913580247,4.454712258189949
734,1981.0,3.0,28.486759138695987,1.1215259503423618
735,1981.0,4.0,59.60531201774691,2.346665827470351
736,1981.0,5.0,63.50628134645062,2.5002472971043552
737,1981.0,6.0,17.752409758391202,0.6989137700154017
738,1981.0,7.0,24.49028712143133,0.964184532339816
739,1981.0,8.0,29.38182990933642,1.156764957060489
740,1981.0,9.0,20.8456111955054,0.820693354153756
741,1981.0,10.0,50.06181580343364,1.9709376300564423
742,1981.0,11.0,82.95390866126543,3.265901915797852
743,1981.0,12.0,154.41661844135805,6.07939442682512
744,1982.0,1.0,511.7274787808642,20.146751133104893
745,1982.0,2.0,112.26685474537037,4.419954911235054
746,1982.0,3.0,154.57355565200618,6.085573057165598
747,1982.0,4.0,88.6585105613426,3.490492541785142
748,1982.0,5.0,12.813102816358024,0.5044528667857491
749,1982.0,6.0,70.23821494020062,2.7652840527638043
750,1982.0,7.0,43.9038718894676,1.7284988932861258
751,1982.0,8.0,104.21923225308642,4.103119380042773
752,1982.0,9.0,37.707875192901234,1.4845620154685526
753,1982.0,10.0,247.61653645833331,9.74868253772966
754,1982.0,11.0,113.9788773148148,4.487357374599008
755,1982.0,12.0,167.60316599151236,6.598549842185526
756,1983.0,1.0,132.31372974537038,5.20920195847915
757,1983.0,2.0,16.96118465470679,0.6677631753821571
758,1983.0,3.0,41.60508897569444,1.6379956289643482
759,1983.0,4.0,38.156222873263886,1.5022134989473972
760,1983.0,5.0,22.978901427469136,0.9046811585617772
761,1983.0,6.0,19.03037440923997,0.7492273389464554
762,1983.0,7.0,30.164137852044757,1.1875644823639668
763,1983.0,8.0,25.001656237943678,0.984317174722192
764,1983.0,9.0,57.98084852430556,2.2827105718230536
765,1983.0,10.0,35.37001169463735,1.3925201454581635
766,1983.0,11.0,15.074265468267749,0.5934750184357381
767,1983.0,12.0,62.18017578125,2.448038416584646
768,1984.0,1.0,38.52516456886574,1.5167387625537694
769,1984.0,2.0,56.48901668595679,2.2239770348801886
770,1984.0,3.0,60.85601128472222,2.395905956091426
771,1984.0,4.0,72.20112967785494,2.84256416054547
772,1984.0,5.0,12.835067937403547,0.5053176353308484
773,1984.0,6.0,17.377149040316358,0.684139725996707
774,1984.0,7.0,15.900666413483796,0.6260104887198346
775,1984.0,8.0,7.788108543113426,0.3066184465792687
776,1984.0,9.0,11.7115938163098,0.4610863707208582
777,1984.0,10.0,38.82123480902778,1.528395071221566
778,1984.0,11.0,96.22212577160494,3.788272668173423
779,1984.0,12.0,240.8617862654321,9.482747490765044
780,1985.0,1.0,87.31626157407408,3.437648093467484
781,1985.0,2.0,167.4800467785494,6.593702629076748
782,1985.0,3.0,36.15639467592592,1.4234801053514143
783,1985.0,4.0,17.681914906442902,0.6961383821434214
784,1985.0,5.0,72.76514274691358,2.864769399484787
785,1985.0,6.0,33.18028127411265,1.306310286382388
786,1985.0,7.0,38.50629038869599,1.5159956845943303
787,1985.0,8.0,19.685830198688272,0.7750326849877273
788,1985.0,9.0,40.46752326871142,1.5932095775083237
789,1985.0,10.0,83.10325641396605,3.2717817485813407
790,1985.0,11.0,107.5827305169753,4.235540571534461
791,1985.0,12.0,36.00980480806327,1.4177088507111526
792,1986.0,1.0,18.23050491898148,0.7177364141331292
793,1986.0,2.0,66.2296428915895,2.60746625557439
794,1986.0,3.0,34.175247757523145,1.3454821951780769
795,1986.0,4.0,66.77129147376543,2.628791002904151
796,1986.0,5.0,73.96326437114197,2.911939542170944
797,1986.0,6.0,35.65694926697531,1.4038169002746186
798,1986.0,7.0,45.513105227623456,1.7918545365206089
799,1986.0,8.0,28.40398039641204,1.1182669447406317
800,1986.0,9.0,33.39043812692901,1.3145841782255518
801,1986.0,10.0,70.84091073495371,2.789012233659595
802,1986.0,11.0,169.3032889660494,6.665483817561
803,1986.0,12.0,72.5966495466821,2.858135808924492
804,1987.0,1.0,108.20091869212963,4.259878688666522
805,1987.0,2.0,73.02295524691358,2.874919497909984
806,1987.0,3.0,59.91559365354938,2.358881639903519
807,1987.0,4.0,69.83446059992283,2.7493882125953872
808,1987.0,5.0,44.85529393325617,1.7659564540652035
809,1987.0,6.0,35.30504918981482,1.3899625665281423
810,1987.0,7.0,30.771758656442906,1.2114865612772796
811,1987.0,8.0,9.062289014274691,0.3567830320580587
812,1987.0,9.0,59.78677782600309,2.353810150630043
813,1987.0,10.0,70.54369212962963,2.777310713764946
814,1987.0,11.0,90.12411385995372,3.548193459053296
815,1987.0,12.0,487.74175347222223,19.20243123906387
816,1988.0,1.0,206.70331790123456,8.137925901623408
817,1988.0,2.0,54.58782431520062,2.149126941543332
818,1988.0,3.0,68.16303771219135,2.683584161897297
819,1988.0,4.0,25.983006606867285,1.022953016018397
820,1988.0,5.0,48.50576292438272,1.909675705684359
821,1988.0,6.0,10.964039743682484,0.4316551080189955
822,1988.0,7.0,24.052928783275465,0.9469657001289552
823,1988.0,8.0,41.19382957175926,1.62180431384879
824,1988.0,9.0,37.38268590856482,1.4717592877387724
825,1988.0,10.0,20.635130328896604,0.8124067058620711
826,1988.0,11.0,129.8871768904321,5.113668381513075
827,1988.0,12.0,217.2353636188272,8.552573370819967
828,1989.0,1.0,115.2096836419753,4.535814316613201
829,1989.0,2.0,213.8141155478395,8.41787856487557
830,1989.0,3.0,62.530490451388886,2.461830332731846
831,1989.0,4.0,95.51782527970678,3.760544302350661
832,1989.0,5.0,29.76510054976852,1.171854352353091
833,1989.0,6.0,22.078560534818678,0.8692346667251447
834,1989.0,7.0,62.75188078703704,2.470546487678624
835,1989.0,8.0,18.05303276909722,0.7107493216180009
836,1989.0,9.0,21.35999590084877,0.840944720505857
837,1989.0,10.0,141.82259114583334,5.58356658054462
838,1989.0,11.0,53.07183159722222,2.0894421888670167
839,1989.0,12.0,45.838803891782405,1.8046773185741103
840,1990.0,1.0,187.2610797646605,7.372483455301595
841,1990.0,2.0,118.23322964891975,4.6548515609810925
842,1990.0,3.0,117.56234326774691,4.628438711328619
843,1990.0,4.0,20.434678819444443,0.804514914151356
844,1990.0,5.0,35.77073688271605,1.4082967276659863
845,1990.0,6.0,21.644517686631943,0.8521463656154309
846,1990.0,7.0,31.258104865933642,1.2306340498399073
847,1990.0,8.0,5.236881962528935,0.2061764552176746
848,1990.0,9.0,56.984103732638886,2.2434686508912947
849,1990.0,10.0,28.38744212962963,1.1176158318751823
850,1990.0,11.0,138.88499469521605,5.46791317697701
851,1990.0,12.0,140.63581452546296,5.53684309155366
852,1991.0,1.0,45.322274667245374,1.7843415223324952
853,1991.0,2.0,64.1254581404321,2.5246243362374843
854,1991.0,3.0,202.59789737654322,7.976295172304852
855,1991.0,4.0,68.9624626253858,2.7150575836766064
856,1991.0,5.0,24.775196216724538,0.9754014258552969
857,1991.0,6.0,34.66011405285494,1.3645714194037377
858,1991.0,7.0,14.568573374807098,0.5735658808979173
859,1991.0,8.0,23.177408854166668,0.912496411581365
860,1991.0,9.0,25.66042450327932,1.0102529331999732
861,1991.0,10.0,202.88963638117283,7.987780959888695
862,1991.0,11.0,41.103524667245374,1.6182490026474559
863,1991.0,12.0,88.70467423804013,3.492310009371659
864,1992.0,1.0,35.835633077739196,1.410851695973984
865,1992.0,2.0,67.67404513888889,2.664332485783027
866,1992.0,3.0,44.419059847608025,1.7487818837640956
867,1992.0,4.0,17.52947319878472,0.6901367401096348
868,1992.0,5.0,55.15865523726852,2.1716005998924617
869,1992.0,6.0,29.752049575617285,1.1713405344731216
870,1992.0,7.0,44.98436897183642,1.7710381484974969
871,1992.0,8.0,19.72558895158179,0.7765979902197556
872,1992.0,9.0,88.12554253472223,3.4695095486111116
873,1992.0,10.0,79.38909384645062,3.1255548758445126
874,1992.0,11.0,67.05201702353395,2.6398431899029116
875,1992.0,12.0,161.69269627700618,6.365854184134101
876,1993.0,1.0,69.67928361304013,2.7432788824031547
877,1993.0,2.0,43.719247323495374,1.721230209586432
878,1993.0,3.0,13.979528356481481,0.5503751321449403
879,1993.0,4.0,41.815402560763886,1.646275691368657
880,1993.0,5.0,46.004964192708336,1.8112190627050526
881,1993.0,6.0,16.45354546440972,0.6477773804885717
882,1993.0,7.0,68.1120937017747,2.6815784921958543
883,1993.0,8.0,70.02369068287037,2.756838215861038
884,1993.0,9.0,11.533141336323302,0.4540606825324135
885,1993.0,10.0,52.16902970679013,2.053898807353942
886,1993.0,11.0,67.90794391396605,2.6735410989750417
887,1993.0,12.0,41.34221884645062,1.6276464112775835
888,1994.0,1.0,48.754090108989196,1.9194523664956378
889,1994.0,2.0,94.25595582561728,3.7108644025833577
890,1994.0,3.0,80.07215711805556,3.1524471306321087
891,1994.0,4.0,33.77022448881173,1.3295363971973122
892,1994.0,5.0,26.028145495756174,1.0247301376281959
893,1994.0,6.0,26.49462287808642,1.0430953889010404
894,1994.0,7.0,15.214929651331019,0.599012978398859
895,1994.0,8.0,10.315214934172454,0.4061108241800179
896,1994.0,9.0,27.84906684027778,1.0964199543416449
897,1994.0,10.0,42.96897605613426,1.6916919707139473
898,1994.0,11.0,9.723901065779321,0.3828307506212331
899,1994.0,12.0,32.794252748842595,1.291112312946559
900,1995.0,1.0,27.70892107928241,1.090902404696158
901,1995.0,2.0,73.77787422839506,2.9046407176533493
902,1995.0,3.0,45.54407190393518,1.7930736970053223
903,1995.0,4.0,64.02414882330247,2.5206357804449793
904,1995.0,5.0,19.996741777584877,0.7872732983301133
905,1995.0,6.0,15.790724766107253,0.6216820774057974
906,1995.0,7.0,25.055031105324073,0.9864185474537037
907,1995.0,8.0,45.02534842785494,1.7726515129076748
908,1995.0,9.0,8.457243742766204,0.33296235207740965
909,1995.0,10.0,45.06954692322531,1.7743916111506028
910,1995.0,11.0,56.266173562885804,2.2152036835781814
911,1995.0,12.0,42.900016878858025,1.6889770424747255
912,1996.0,1.0,150.6996407214506,5.933056721316953
913,1996.0,2.0,75.57371841242283,2.975343244583576
914,1996.0,3.0,87.97843725887346,3.4637180023178527
915,1996.0,4.0,50.02181290991513,1.9693627129887847
916,1996.0,5.0,14.64588005160108,0.5766094508504362
917,1996.0,6.0,69.60534215856481,2.7403678015182997
918,1996.0,7.0,35.57373046875,1.4005405696358268
919,1996.0,8.0,41.62610315393518,1.6388229588163459
920,1996.0,9.0,57.43062186535494,2.261048104935234
921,1996.0,10.0,23.81664436246142,0.937663163876434
922,1996.0,11.0,423.8313078703704,16.686271963400408
923,1996.0,12.0,116.3722511574074,4.581584691236512
924,1997.0,1.0,156.78554205246914,6.172659135923983
925,1997.0,2.0,40.03217532310957,1.576069894610613
926,1997.0,3.0,165.0434268904321,6.497772712221737
927,1997.0,4.0,135.02357011959876,5.315888587385778
928,1997.0,5.0,60.18920597029321,2.3696537783580003
929,1997.0,6.0,31.820200978973766,1.2527638180698333
930,1997.0,7.0,29.64940502025463,1.1672994102462453
931,1997.0,8.0,20.685346438560956,0.814383718053581
932,1997.0,9.0,32.30167040412809,1.2717193072491375
933,1997.0,10.0,35.30976321373457,1.3901481580210462
934,1997.0,11.0,74.5064079378858,2.9333231471608583
935,1997.0,12.0,45.28212106963735,1.7827606720329665
936,1998.0,1.0,40.628671151620374,1.5995539823472589
937,1998.0,2.0,19.13673683449074,0.7534148360035725
938,1998.0,3.0,17.49338107638889,0.6887157904090114
939,1998.0,4.0,64.54416232638889,2.5411087530074368
940,1998.0,5.0,29.671296296296298,1.1681612715077283
941,1998.0,6.0,33.3672779224537,1.3136723591517205
942,1998.0,7.0,14.358720944251543,0.5653039741831316
943,1998.0,8.0,22.774287471064813,0.8966254909868037
944,1998.0,9.0,12.433141637731481,0.489493765265019
945,1998.0,10.0,17.048187632619598,0.6711884894732125
946,1998.0,11.0,81.1764805169753,3.1959244298021776
947,1998.0,12.0,64.85676480516975,2.5534159372114074
948,1999.0,1.0,57.67164592978395,2.270537241330077
949,1999.0,2.0,34.53076171875,1.3594788078248032
950,1999.0,3.0,40.640480324074076,1.6000189103966174
951,1999.0,4.0,52.386622299382715,2.062465444857587
952,1999.0,5.0,60.294741030092595,2.3738087019721497
953,1999.0,6.0,20.441990981867285,0.8048027945617042
954,1999.0,7.0,40.759859061535494,1.604718860690374
955,1999.0,8.0,21.59299949363426,0.8501180903005614
956,1999.0,9.0,14.333533769772377,0.5643123531406448
957,1999.0,10.0,97.54972632137346,3.840540406353286
958,1999.0,11.0,37.11871865354938,1.4613668761239913
959,1999.0,12.0,232.6098331404321,9.157867446473706
960,2000.0,1.0,73.71904538001543,2.9023246212604503
961,2000.0,2.0,5.842817895206404,0.23003220059867735
962,2000.0,3.0,40.1545108748071,1.5808862549136655
963,2000.0,4.0,70.42340615354938,2.77257504541533
964,2000.0,5.0,12.821879822530864,0.5047984182098766
965,2000.0,6.0,24.488713770736883,0.9641225893990899
966,2000.0,7.0,31.782256703317902,1.2512699489495238
967,2000.0,8.0,18.407166280864196,0.7246915858607952
968,2000.0,9.0,22.093927830825617,0.8698396783789614
969,2000.0,10.0,27.81684027777778,1.0951511920384953
970,2000.0,11.0,61.78780261381173,2.432590654087076
971,2000.0,12.0,7.333282847463349,0.2887119231284783
972,2001.0,1.0,17.122590241608798,0.6741177260475905
973,2001.0,2.0,49.89660192418982,1.9644331466216465
974,2001.0,3.0,59.54106385030864,2.3441363720593955
975,2001.0,4.0,37.64821747202932,1.4822132863003672
976,2001.0,5.0,17.089420271508487,0.6728118217129326
977,2001.0,6.0,25.371946735146604,0.9988955407538034
978,2001.0,7.0,11.460358042775848,0.45119519853448226
979,2001.0,8.0,14.738282757040896,0.5802473526394054
980,2001.0,9.0,15.810791015625,0.6224720872293308
981,2001.0,10.0,51.35519145447531,2.021857931278556
982,2001.0,11.0,105.60959201388889,4.157857953302712
983,2001.0,12.0,96.61067708333333,3.803569963910761
984,2002.0,1.0,156.3651982060185,6.15611016559128
985,2002.0,2.0,65.14512803819444,2.564768820401356
986,2002.0,3.0,67.20152753665124,2.6457294305768206
987,2002.0,4.0,22.645238052179785,0.8915448052039285
988,2002.0,5.0,88.92850597993827,3.5011222826747352
989,2002.0,6.0,13.09522388599537,0.5155599955116288
990,2002.0,7.0,16.149117175443674,0.635792014781247
991,2002.0,8.0,17.29479679060571,0.6808975114411697
992,2002.0,9.0,14.275606131847994,0.5620317374743304
993,2002.0,10.0,81.6925335165895,3.216241477031083
994,2002.0,11.0,90.30524811921296,3.555324729102873
995,2002.0,12.0,21.17243109809028,0.8335602794523732
996,2003.0,1.0,115.12129870756173,4.532334594785896
997,2003.0,2.0,73.97008825231481,2.912208198910032
998,2003.0,3.0,77.08307412229938,3.034766697728322
999,2003.0,4.0,38.42211612654321,1.5126817372654808
1000,2003.0,5.0,5.740753927348573,0.2260139341475816
1001,2003.0,6.0,34.27349476755401,1.3493501876989769
1002,2003.0,7.0,21.018034758391202,0.8274816834012285
1003,2003.0,8.0,16.36160542052469,0.6441576937214445
1004,2003.0,9.0,10.172859851224922,0.4005062933553119
1005,2003.0,10.0,39.69584297839506,1.5628284637163412
1006,2003.0,11.0,82.99967447916667,3.267703719652231
1007,2003.0,12.0,225.4490981867284,8.875948747508993
1008,2004.0,1.0,232.645206404321,9.159260094658308
1009,2004.0,2.0,163.4022231867284,6.433158393178284
1010,2004.0,3.0,143.54920187114197,5.651543380753622
1011,2004.0,4.0,50.68223138503087,1.995363440355546
1012,2004.0,5.0,71.15519507137346,2.8013856327312388
1013,2004.0,6.0,28.64355167341821,1.1276988847802445
1014,2004.0,7.0,16.94790008921682,0.6672401609927882
1015,2004.0,8.0,83.07151813271605,3.270532209949451
1016,2004.0,9.0,36.51099235628858,1.4374406439483696
1017,2004.0,10.0,73.97146267361111,2.9122623099846896
1018,2004.0,11.0,165.7080439814815,6.523938739428406
1019,2004.0,12.0,123.6687644675926,4.86884899478711
1020,2005.0,1.0,182.46928047839506,7.183829940094294
1021,2005.0,2.0,120.7929084683642,4.755626317652134
1022,2005.0,3.0,90.96236014660494,3.5811952813623993
1023,2005.0,4.0,35.450258608217595,1.3956794727644724
1024,2005.0,5.0,27.37471969039352,1.0777448697005323
1025,2005.0,6.0,26.723690080054013,1.052113782679292
1026,2005.0,7.0,25.26976333429784,0.9948725722164504
1027,2005.0,8.0,16.97095630787037,0.6681478861366288
1028,2005.0,9.0,72.71991946373457,2.862988955265141
1029,2005.0,10.0,105.01204427083333,4.134332451607611
1030,2005.0,11.0,55.51600477430556,2.1856694793033684
1031,2005.0,12.0,5.813946382499036,0.22889552687004078
1032,2006.0,1.0,82.98682243441358,3.26719773363833
1033,2006.0,2.0,49.88991669077932,1.964169948455879
1034,2006.0,3.0,345.9860628858025,13.621498538811123
1035,2006.0,4.0,35.838668258101855,1.4109711912638527
1036,2006.0,5.0,28.57662700135031,1.125064055171272
1037,2006.0,6.0,9.200444727768133,0.3622222333766982
1038,2006.0,7.0,16.025939187885804,0.6309424877120395
1039,2006.0,8.0,18.26276312934028,0.7190064224149716
1040,2006.0,9.0,37.717887972608025,1.484956219394017
1041,2006.0,10.0,89.1585407021605,3.5101787678015945
1042,2006.0,11.0,79.64870273919753,3.1357756983936036
1043,2006.0,12.0,35.879732108410494,1.4125878782838779
1044,2007.0,1.0,108.33497299382717,4.26515641707981
1045,2007.0,2.0,67.17813826195987,2.6448085929905463
1046,2007.0,3.0,75.39296995563272,2.9682271636075876
1047,2007.0,4.0,38.510907961998456,1.516177478818837
1048,2007.0,5.0,18.227153260030864,0.7176044590563333
1049,2007.0,6.0,21.87501205632716,0.8612209470994946
1050,2007.0,7.0,18.299762490354937,0.7204630901714543
1051,2007.0,8.0,37.89442877121913,1.4919066445361864
1052,2007.0,9.0,20.27297031732253,0.7981484376898635
1053,2007.0,10.0,28.28607855902778,1.1136251401192039
1054,2007.0,11.0,158.62938850308643,6.245251515869545
1055,2007.0,12.0,196.51076630015433,7.736644342525762
1056,2008.0,1.0,54.62584997106482,2.150624014608851
1057,2008.0,2.0,94.57647328317901,3.723483200125158
1058,2008.0,3.0,12.589518229166666,0.4956503239829396
1059,2008.0,4.0,41.172299985532405,1.6209566923437955
1060,2008.0,5.0,24.334083839699073,0.9580347968385462
1061,2008.0,6.0,14.656394675925926,0.5770234124380286
1062,2008.0,7.0,30.107093340084877,1.1853186354364125
1063,2008.0,8.0,28.496211299189813,1.1218980826452682
1064,2008.0,9.0,27.89057074652778,1.0980539663987314
1065,2008.0,10.0,49.18484760802469,1.9364113231505784
1066,2008.0,11.0,72.64572482638889,2.8600679065507437
1067,2008.0,12.0,299.6214072145062,11.796118394271897
1068,2009.0,1.0,80.29912953317901,3.1613830524873627
1069,2009.0,2.0,63.36128592785494,2.4945388160572812
1070,2009.0,3.0,77.63796657986111,3.056612857474847
1071,2009.0,4.0,67.4653621720679,2.656116620947555
1072,2009.0,5.0,39.02105034722222,1.5362618246937882
1073,2009.0,6.0,11.943962191358025,0.47023473194322934
1074,2009.0,7.0,25.69631618923611,1.011665991702209
1075,2009.0,8.0,31.72972125771605,1.2492016243195296
1076,2009.0,9.0,18.13311993634259,0.7139023596985272
1077,2009.0,10.0,48.02637924382716,1.89080233243414
1078,2009.0,11.0,79.63266782407408,3.1351444025226014
1079,2009.0,12.0,45.545805000964506,1.7931419291718311
1080,2010.0,1.0,60.74011381172839,2.3913430634538737
1081,2010.0,2.0,44.78418571566358,1.7631569179395112
1082,2010.0,3.0,89.18503448109568,3.511221829964397
1083,2010.0,4.0,69.79154610339506,2.7476986654879947
1084,2010.0,5.0,47.604817708333336,1.8742054215879267
1085,2010.0,6.0,13.751663773148149,0.5414040855570138
1086,2010.0,7.0,21.187489450713734,0.8341531279808557
1087,2010.0,8.0,25.832450207368826,1.017025598715308
1088,2010.0,9.0,24.208277572820215,0.9530817942055203
1089,2010.0,10.0,18.55185878423997,0.7303881411118098
1090,2010.0,11.0,40.29578088831018,1.586448066468905
1091,2010.0,12.0,244.61528260030863,9.630522937020025
1092,2011.0,1.0,208.45900848765433,8.207047578254109
1093,2011.0,2.0,87.87248625578704,3.459546702983742
1094,2011.0,3.0,65.35466097608025,2.573018148664577
1095,2011.0,4.0,62.9726261091821,2.4792372483929963
1096,2011.0,5.0,101.49626253858025,3.995915847975601
1097,2011.0,6.0,50.497428988233025,1.9880877554422451
1098,2011.0,7.0,27.790828751929013,1.0941271162176778
1099,2011.0,8.0,20.92406322337963,0.8237820166684894
1100,2011.0,9.0,13.382016782407407,0.5268510544254885
1101,2011.0,10.0,38.14366319444444,1.5017190234033246
1102,2011.0,11.0,51.721040702160494,2.0362614449669487
1103,2011.0,12.0,104.72407889660494,4.122995232149801
1104,2012.0,1.0,21.050990728684415,0.8287791625466305
1105,2012.0,2.0,45.51299069251543,1.7918500272643871
1106,2012.0,3.0,173.58580488040124,6.8340868063150095
1107,2012.0,4.0,39.981538749035494,1.5740763287021848
1108,2012.0,5.0,13.795827606577932,0.5431428191566116
1109,2012.0,6.0,20.22769428771219,0.7963659168390627
1110,2012.0,7.0,16.38231819058642,0.6449731571097016
1111,2012.0,8.0,20.754917474440585,0.8171227352141963
1112,2012.0,9.0,52.38176962770062,2.062274394791363
1113,2012.0,10.0,8.827748239776234,0.34754914329827696
1114,2012.0,11.0,16.51585407021605,0.6502304752053564
1115,2012.0,12.0,47.89488088348765,1.8856252316333721
1116,2013.0,1.0,175.89830488040124,6.925130113401624
1117,2013.0,2.0,60.95561463155864,2.399827347699159
1118,2013.0,3.0,59.03814019097222,2.3243362279910325
1119,2013.0,4.0,67.90163242669753,2.6732926152243124
1120,2013.0,5.0,117.29275173611111,4.617824871500438
1121,2013.0,6.0,24.74693919994213,0.9742889448796115
1122,2013.0,7.0,21.82616886091821,0.8592979866503232
1123,2013.0,8.0,18.403339904031636,0.7245409411036078
1124,2013.0,9.0,43.07130111882716,1.6957205164892584
1125,2013.0,10.0,29.615508656442902,1.1659649077339727
1126,2013.0,11.0,87.78296802662037,3.4560223632527705
1127,2013.0,12.0,93.3193359375,3.673989603838583
1128,2014.0,1.0,94.86337167245371,3.7347784123013272
1129,2014.0,2.0,81.89517626350309,3.224219537933193
1130,2014.0,3.0,87.24913797260803,3.435005431992442
1131,2014.0,4.0,50.021755642361114,1.9693604583606739
1132,2014.0,5.0,71.16173562885803,2.8016431349944106
1133,2014.0,6.0,32.69189453125,1.2870824618602363
1134,2014.0,7.0,37.53820650077161,1.4778821456996696
1135,2014.0,8.0,42.49961721161265,1.6732132760477423
1136,2014.0,9.0,30.16453571084105,1.1875801460961044
1137,2014.0,10.0,123.9075641396605,4.878250556679547
1138,2014.0,11.0,64.88812934027777,2.5546507614282588
1139,2014.0,12.0,68.99339313271605,2.7162753201856713
1140,2015.0,1.0,67.35359399112654,2.65171629886325
1141,2015.0,2.0,12.620421609760802,0.49686699251026784
1142,2015.0,3.0,53.86506558641975,2.120671873481093
1143,2015.0,4.0,51.94397424768518,2.045038356208078
1144,2015.0,5.0,40.15834177276235,1.581037077667809
1145,2015.0,6.0,14.813071168499228,0.5831917782873712
1146,2015.0,7.0,33.376594449266975,1.314039151545944
1147,2015.0,8.0,202.44309413580248,7.970200556527657
1148,2015.0,9.0,113.30073302469135,4.46065878049966
1149,2015.0,10.0,49.45191936728395,1.946925959341888
1150,2015.0,11.0,192.43211082175927,7.576067355187373
1151,2015.0,12.0,62.747902199074076,2.4703898503572472
1152,2016.0,1.0,24.15892047646605,0.9511386014356713
1153,2016.0,2.0,57.15938464506173,2.2503694742150286
1154,2016.0,3.0,62.31532118055556,2.453359101596676
1155,2016.0,4.0,33.79762249228395,1.3306150587513366
1156,2016.0,5.0,77.00535300925925,3.0317068113881596
1157,2016.0,6.0,22.84786723572531,0.8995223321151697
1158,2016.0,7.0,91.03041811342592,3.5838747288750366
1159,2016.0,8.0,114.8328269675926,4.520977439669
1160,2016.0,9.0,54.985044126157405,2.164765516777851
1161,2016.0,10.0,45.52741910204475,1.7924180748836518
1162,2016.0,11.0,49.703794126157405,1.956842288431394
1163,2016.0,12.0,69.33103057484568,2.7295681328679406
1164,2017.0,1.0,29.080940152391975,1.1449189036374794
1165,2017.0,2.0,98.1643699363426,3.864738973871756
1166,2017.0,3.0,71.25403284143519,2.8052768835210706
1167,2017.0,4.0,107.94938753858025,4.24997588734568
1168,2017.0,5.0,34.23786229263117,1.347947334355558
1169,2017.0,6.0,21.47165256076389,0.8453406519985783
1170,2017.0,7.0,43.293345510223766,1.7044624216623532
1171,2017.0,8.0,28.324348355516975,1.1151318250203535
1172,2017.0,9.0,19.314647533275462,0.7604191942234434
1173,2017.0,10.0,68.43403983410494,2.694253536775785
1174,2017.0,11.0,23.238124517746915,0.9148867920372802
1175,2017.0,12.0,76.89966724537037,3.0275459545421404
1176,2018.0,1.0,43.65324797453704,1.7186318100211433
1177,2018.0,2.0,180.291015625,7.098071481299213
1178,2018.0,3.0,83.73234953703704,3.2965491943715373
1179,2018.0,4.0,109.3703944830247,4.305921042638768
1180,2018.0,5.0,31.80299660011574,1.2520864803195173
1181,2018.0,6.0,24.145771544656636,0.9506209269549857
1182,2018.0,7.0,16.737346884645063,0.6589506647498057
1183,2018.0,8.0,97.9079921392747,3.8546453598139645
1184,2018.0,9.0,187.9707995756173,7.400425180142413
1185,2018.0,10.0,133.09836757330248,5.240093211547342
1186,2018.0,11.0,108.59614920910494,4.275438945240352
1187,2018.0,12.0,106.00635368441358,4.173478491512346
1188,2019.0,1.0,74.86307629243827,2.947365208363711
1189,2019.0,2.0,162.49040316358025,6.397259967070089
1190,2019.0,3.0,26.92428023726852,1.0600110329633277
1191,2019.0,4.0,92.46192611882717,3.6402333117648493
1192,2019.0,5.0,100.97581500771605,3.9754257877053565
1193,2019.0,6.0,143.33774594907408,5.643218344451736
1194,2019.0,7.0,15.583069601176698,0.6135066772116811
1195,2019.0,8.0,29.344615041473766,1.1552998047824319
1196,2019.0,9.0,70.15935450424382,2.762179311190702
1197,2019.0,10.0,80.70007474922839,3.1771682972137163
1198,2019.0,11.0,36.89355167341821,1.4525020343865438
1199,2019.0,12.0,121.25816213348766,4.773943391082192
