,datetime,RF_in_scale_3,SPI-3
0,1920-01-01,,
1,1920-02-01,,
2,1920-03-01,6.93192835114632,0.1966465941921377
3,1920-04-01,1.8878464556486647,-0.8463439642509538
4,1920-05-01,2.273558798992357,-0.3004912819627639
5,1920-06-01,1.4496727876022606,-0.120467340498114
6,1920-07-01,1.333877995119181,0.0860616825848828
7,1920-08-01,1.0488774568563857,0.0288791770375125
8,1920-09-01,0.9878672943456394,-0.319329556848074
9,1920-10-01,0.9639234108052032,-0.4482481521123306
10,1920-11-01,0.8068376557639496,-1.0783694538559097
11,1920-12-01,9.696013208750657,1.3954974461593057
12,1921-01-01,13.359941030320432,1.2342234458041317
13,1921-02-01,13.906365520024517,1.20446813761347
14,1921-03-01,5.710062431364374,-0.0749178578943981
15,1921-04-01,2.3516240513474225,-0.6151230116773059
16,1921-05-01,2.165951391831772,-0.3559805553982116
17,1921-06-01,1.4020588317556633,-0.1567235806746171
18,1921-07-01,0.8118211922914882,-0.4688850326055563
19,1921-08-01,0.2654260795016995,-1.2443493585901102
20,1921-09-01,0.4582640584013233,-1.0929699582850312
21,1921-10-01,1.3355092111407487,-0.1190014211583268
22,1921-11-01,2.0378250888940532,-0.1300783174386452
23,1921-12-01,5.05094011821656,0.3827084827778239
24,1922-01-01,6.645507456506088,0.1625816515679088
25,1922-02-01,6.710268801035288,0.0355523892024583
26,1922-03-01,5.04679255180993,-0.2392435940025643
27,1922-04-01,3.660966159883227,-0.1012491277460206
28,1922-05-01,3.0552939593623933,0.056384336348483
29,1922-06-01,1.6628452203497894,0.0325151900624284
30,1922-07-01,0.5579546281961608,-0.8370978712338044
31,1922-08-01,0.3732720952902195,-0.9712897287892
32,1922-09-01,1.1650670206302272,-0.1292839218297231
33,1922-10-01,1.532751683928337,0.0302833771660757
34,1922-11-01,1.9500597440849952,-0.1812227119036435
35,1922-12-01,0.9680885507029788,-1.4092269390789511
36,1923-01-01,6.408532258429888,0.1135487877467113
37,1923-02-01,9.977556285930463,0.6352091728329249
38,1923-03-01,12.967967288051668,1.206590705689508
39,1923-04-01,11.744503074268495,1.6744733203149382
40,1923-05-01,7.796213493595623,1.4530558889238725
41,1923-06-01,5.030739785075084,1.56562011184086
42,1923-07-01,0.7332151555176019,-0.5727922350891845
43,1923-08-01,1.1333067975471165,0.1170639340096372
44,1923-09-01,2.3109456059813813,0.7777983728758213
45,1923-10-01,2.4974960278199276,0.6166637472065224
46,1923-11-01,2.2011118573930157,-0.0388118742608889
47,1923-12-01,3.5533789405440803,-0.0762174598643652
48,1924-01-01,3.1573236094070873,-0.7388648920570864
49,1924-02-01,3.6377244446684833,-0.7524748189491774
50,1924-03-01,2.065816000227077,-1.2640536554751245
51,1924-04-01,6.397565053852861,0.6592192314930414
52,1924-05-01,6.664242407456772,1.1854702016950207
53,1924-06-01,5.639892575158385,1.7621141620647398
54,1924-07-01,2.819235923976977,1.113683751096707
55,1924-08-01,2.0296614809982785,0.8592043096254182
56,1924-09-01,3.30697940067333,1.3458546690421789
57,1924-10-01,3.0661046638240306,0.8937531049150089
58,1924-11-01,3.4125607278148378,0.5262121265825294
59,1924-12-01,9.3469374745583,1.3319911418500925
60,1925-01-01,8.269913611194651,0.4707269759727385
61,1925-02-01,8.634131694774046,0.4072632345621751
62,1925-03-01,3.0266064866077933,-0.857562902155624
63,1925-04-01,3.225641140289321,-0.255369596749277
64,1925-05-01,2.618103768997733,-0.1342252093675874
65,1925-06-01,1.0137956659497416,-0.4902920235089338
66,1925-07-01,1.7695129519129114,0.4434474727989194
67,1925-08-01,1.637869518120944,0.5687120784118044
68,1925-09-01,2.0411768605760754,0.5974363012725605
69,1925-10-01,1.3725819054180175,-0.0898387459929807
70,1925-11-01,1.6362471648644823,-0.378312924810513
71,1925-12-01,5.133589741508548,0.4052066389542983
72,1926-01-01,6.295310311824085,0.0896902246410748
73,1926-02-01,5.974522907045337,-0.125646265285621
74,1926-03-01,2.2722836436318663,-1.1665442939852315
75,1926-04-01,0.8612777429615722,-1.570083800894238
76,1926-05-01,0.8280105197743692,-1.3118824742613269
77,1926-06-01,3.1183131364340486,0.8292000916655612
78,1926-07-01,3.687142281000613,1.5545842206967688
79,1926-08-01,3.957446493165675,1.9245899427400528
80,1926-09-01,1.901161221288853,0.4976313032392623
81,1926-10-01,1.9370484335888127,0.2995841990171574
82,1926-11-01,1.8326544203099548,-0.2521856442493012
83,1926-12-01,2.3772108319596708,-0.5419559013868678
84,1927-01-01,2.4700373125525914,-0.995392208040656
85,1927-02-01,5.12149146639873,-0.3305297501559764
86,1927-03-01,7.03296897593747,0.2176125229957689
87,1927-04-01,8.795712940938806,1.1630749762682604
88,1927-05-01,6.656013074184954,1.183423845563
89,1927-06-01,3.71009928266752,1.0818711866840645
90,1927-07-01,1.0118028713614566,-0.2332157756359761
91,1927-08-01,0.5487020200898272,-0.6323536425978962
92,1927-09-01,1.4930638917463324,0.1756972786213892
93,1927-10-01,1.4544197142593491,-0.0273294895992776
94,1927-11-01,1.3134970469830314,-0.6109720816922286
95,1927-12-01,12.387249563622666,1.8431229967048193
96,1928-01-01,12.416537731604896,1.108996558900739
97,1928-02-01,14.002693630903426,1.217041404238223
98,1928-03-01,2.5260413848381527,-1.0552390820056616
99,1928-04-01,3.2663823295823913,-0.2403590962079771
100,1928-05-01,1.945176842586517,-0.4761603129929949
101,1928-06-01,1.5573347656629728,-0.0414093258645154
102,1928-07-01,1.1594835639034704,-0.0792851742478557
103,1928-08-01,1.3342320162318035,0.3104067207163583
104,1928-09-01,1.3288168148360795,0.0293833640540555
105,1928-10-01,1.035474998049153,-0.3786623831773636
106,1928-11-01,1.028233013892876,-0.853570867163012
107,1928-12-01,0.9728622399440738,-1.4050063502201902
108,1929-01-01,4.6257151650701065,-0.3019993186955424
109,1929-02-01,6.214074800182991,-0.0717500437196083
110,1929-03-01,6.1543304630256195,0.0279921845424331
111,1929-04-01,2.696069105728103,-0.4636799144408415
112,1929-05-01,1.071947271510766,-1.079092596220853
113,1929-06-01,1.025909693790175,-0.4786289196641475
114,1929-07-01,1.0884097056566389,-0.1515662960094626
115,1929-08-01,1.3027180408126608,0.2814381582621275
116,1929-09-01,1.9614594998067192,0.541184284511234
117,1929-10-01,2.047568701603814,0.3665107605542977
118,1929-11-01,5.979011916113025,1.3857747249112096
119,1929-12-01,9.210208519399488,1.3067112567791392
120,1930-01-01,18.08121274879702,1.7895167436687998
121,1930-02-01,14.440316339038349,1.2734832609527993
122,1930-03-01,12.23079597960411,1.1024583014104443
123,1930-04-01,3.113464195271487,-0.2973891266452211
124,1930-05-01,2.214599109500213,-0.3306624268165042
125,1930-06-01,0.6308488538965842,-0.9256963425712694
126,1930-07-01,0.6755938770542256,-0.6541207727735993
127,1930-08-01,0.867500323717129,-0.1784550165145816
128,1930-09-01,3.449585904321366,1.417840447756615
129,1930-10-01,3.960889725616979,1.269656997516798
130,1930-11-01,5.868312523827859,1.3542097613896522
131,1930-12-01,3.164242796083458,-0.2165439452594795
132,1931-01-01,2.508725158626139,-0.9796613636132818
133,1931-02-01,0.320788498718373,-2.895107318398527
134,1931-03-01,0.6412290764281418,-2.2953106731425184
135,1931-04-01,1.4156721761649151,-1.1288686227930194
136,1931-05-01,1.910103017043658,-0.4961228619357764
137,1931-06-01,1.6821869777569296,0.0457171004495434
138,1931-07-01,1.5905291065131872,0.3046408614659436
139,1931-08-01,1.7296820242203057,0.6405286318267037
140,1931-09-01,2.1423527927200277,0.666800309837436
141,1931-10-01,2.5873066763193218,0.6629738340826714
142,1931-11-01,2.4495271831255456,0.0915663055143924
143,1931-12-01,3.1810733724338047,-0.2102360663233975
144,1932-01-01,2.7596077891657846,-0.8817132700052294
145,1932-02-01,12.002603644542258,0.943691363781304
146,1932-03-01,12.234457139662007,1.1029851996287423
147,1932-04-01,11.958095209005446,1.7082390299219192
148,1932-05-01,2.6294982441430914,-0.1289913993645376
149,1932-06-01,1.8061215858759825,0.1279541687210274
150,1932-07-01,1.6285370783797948,0.3349528175830875
151,1932-08-01,1.4985220497407967,0.4544861563978934
152,1932-09-01,1.6461747967607003,0.3026364568146905
153,1932-10-01,1.3288835636946188,-0.1242720069026724
154,1932-11-01,1.7912288178875628,-0.2779752246257834
155,1932-12-01,1.7326449170524674,-0.8715147718352744
156,1933-01-01,1.7998655861919153,-1.302082073079447
157,1933-02-01,4.890879678044801,-0.3899221513463352
158,1933-03-01,6.5629105796454255,0.1182885936072717
159,1933-04-01,7.250677349616779,0.8505339177762861
160,1933-05-01,3.634154597049065,0.2822053700459186
161,1933-06-01,1.1859129821059404,-0.3330057440001997
162,1933-07-01,0.3981169067157331,-1.1378505327112625
163,1933-08-01,0.3032138246343591,-1.140490605889933
164,1933-09-01,0.3484293085800779,-1.332540849223625
165,1933-10-01,0.3443048743612026,-1.312299421185455
166,1933-11-01,0.9126641366297972,-0.9659180112545784
167,1933-12-01,6.1548290547493,0.665378468778586
168,1934-01-01,6.7408887274100495,0.1819855771016599
169,1934-02-01,8.519503257012035,0.3867599479491646
170,1934-03-01,3.4128067196081813,-0.7205901292251656
171,1934-04-01,3.5913375479215257,-0.1250215229092915
172,1934-05-01,3.0991218532036777,0.0744440017966354
173,1934-06-01,4.6145731637739065,1.4227794168169556
174,1934-07-01,4.27471651492782,1.8173531313554123
175,1934-08-01,3.0404540564699363,1.471690421862328
176,1934-09-01,2.0744359774852343,0.6204806260010756
177,1934-10-01,2.1823310870592114,0.4449457795528002
178,1934-11-01,1.6822381073825716,-0.347869740296337
179,1934-12-01,1.259371421074534,-1.1761839829102867
180,1935-01-01,5.803966446197263,-0.0173479189739983
181,1935-02-01,7.23621643191004,0.1435879033888669
182,1935-03-01,9.228961804036649,0.6308956038990738
183,1935-04-01,4.244470901318675,0.0867936349560529
184,1935-05-01,2.677264869462252,-0.1072185145243017
185,1935-06-01,0.6667385507373897,-0.8777592708171438
186,1935-07-01,0.6528282221151375,-0.6876250644505568
187,1935-08-01,0.7582631912594837,-0.3182470385534042
188,1935-09-01,0.838617336139323,-0.4988178900691344
189,1935-10-01,1.6847776047884675,0.1366134072034659
190,1935-11-01,3.140829031977555,0.4128642948089115
191,1935-12-01,3.0950365560655273,-0.2427277465524348
192,1936-01-01,4.186606093353184,-0.4209283534814428
193,1936-02-01,7.393749077975766,0.1749151864182728
194,1936-03-01,8.487782241466777,0.499467406021674
195,1936-04-01,6.730079328259422,0.7356453062604614
196,1936-05-01,1.9029305629483608,-0.5002368775112839
197,1936-06-01,1.0745431717021274,-0.4327654468835001
198,1936-07-01,1.0373031232034156,-0.2055763302780809
199,1936-08-01,1.1862609513220552,0.1701228378963529
200,1936-09-01,1.3158627896936044,0.0173336756833213
201,1936-10-01,3.9207146853089743,1.2540029581772305
202,1936-11-01,5.2073252772385645,1.1574786501248728
203,1936-12-01,5.104114157564613,0.3972107450772979
204,1937-01-01,7.203806123152248,0.2736360107611825
205,1937-02-01,11.007735640914351,0.7967394069812421
206,1937-03-01,13.655548169868522,1.3003883934397444
207,1937-04-01,9.134420115108494,1.226821204835121
208,1937-05-01,4.718257607020313,0.6477127309996972
209,1937-06-01,1.4545664949992805,-0.1167877608025959
210,1937-07-01,1.8900116328724004,0.5317410558286867
211,1937-08-01,2.5638723906476875,1.2021151224441546
212,1937-09-01,2.6363103508172845,0.9780560127966637
213,1937-10-01,3.1706935244375094,0.9410198390013456
214,1937-11-01,1.972798751396444,-0.1678220951892965
215,1937-12-01,4.149637757207974,0.1197253343252753
216,1938-01-01,3.6218719170927183,-0.5874773987246064
217,1938-02-01,6.99768475799249,0.0952694463499464
218,1938-03-01,5.554758485186095,-0.1121741937822345
219,1938-04-01,6.814791105620261,0.7547222771331684
220,1938-05-01,4.581185859390188,0.6047788133866613
221,1938-06-01,3.893797258785169,1.1550268254747298
222,1938-07-01,2.2268697672454825,0.7604931524993283
223,1938-08-01,3.9704641077207183,1.93053070571672
224,1938-09-01,3.9055538242384937,1.6362821738124649
225,1938-10-01,4.120571417932294,1.3309123785337087
226,1938-11-01,0.8893665489121847,-0.9898147060096572
227,1938-12-01,1.387642179666945,-1.0862594632358875
228,1939-01-01,1.610638249589086,-1.4039460219931823
229,1939-02-01,2.7814037537706855,-1.0554340230402388
230,1939-03-01,5.262534771112051,-0.1842512113238779
231,1939-04-01,7.007120732629774,0.797471866079079
232,1939-05-01,6.1401189190543874,1.0517966970253037
233,1939-06-01,3.2571805396070266,0.891075767980541
234,1939-07-01,0.6054767598630226,-0.7601048900422495
235,1939-08-01,0.4515271331914651,-0.8082244506893204
236,1939-09-01,3.9809663582904986,1.6708608114056096
237,1939-10-01,5.375273889849597,1.7676641180556725
238,1939-11-01,5.539643517664132,1.2582347550622677
239,1939-12-01,3.3772294593411263,-0.1383596190505958
240,1940-01-01,10.38130585069824,0.8165064981266987
241,1940-02-01,10.581311537107664,0.7311210691306838
242,1940-03-01,12.324091363511744,1.1158537796771193
243,1940-04-01,4.273085232157394,0.0955513081132678
244,1940-05-01,7.010074117457863,1.2700638644751965
245,1940-06-01,3.8488940408327847,1.1373496732950217
246,1940-07-01,4.24049885474385,1.8026822159019784
247,1940-08-01,1.5491669600056486,0.4967785437292398
248,1940-09-01,2.6934098905361425,1.0115371243983808
249,1940-10-01,3.084087992961382,0.9019529772580306
250,1940-11-01,4.70896512759581,0.9984412761370316
251,1940-12-01,4.072466761560403,0.0954884501922041
252,1941-01-01,3.4945973295899844,-0.6275114356320212
253,1941-02-01,1.9534465218350512,-1.4220691354362245
254,1941-03-01,2.047766990212919,-1.2729144657867677
255,1941-04-01,1.5162150361765745,-1.0634806463049715
256,1941-05-01,1.2361823929587996,-0.9437356517066814
257,1941-06-01,1.2357591161971708,-0.2904817695700143
258,1941-07-01,1.750225261081187,0.4289499956061416
259,1941-08-01,1.870468731488315,0.745980842774808
260,1941-09-01,1.633385448468788,0.2923430998355463
261,1941-10-01,4.845008319815056,1.591700533857451
262,1941-11-01,4.499834130569831,0.9285052998215528
263,1941-12-01,3.977436261470478,0.065212603988114
264,1942-01-01,0.7035949694423113,-2.085367730689353
265,1942-02-01,1.200792086973844,-1.8766042642150664
266,1942-03-01,2.9974626889900464,-0.8683965369844748
267,1942-04-01,3.859592607212074,-0.0350892827920642
268,1942-05-01,3.5371046936800523,0.246119957461134
269,1942-06-01,2.276060931870548,0.4091248700205311
270,1942-07-01,1.555853860654298,0.2765627667991065
271,1942-08-01,1.9328506127082403,0.7910630040653028
272,1942-09-01,1.9767791934943664,0.5521092190194213
273,1942-10-01,2.5612158824927684,0.6496297538208747
274,1942-11-01,3.726847579924904,0.6501489898952962
275,1942-12-01,5.764574058505273,0.5695636166845399
276,1943-01-01,12.855352885848037,1.167968202764543
277,1943-02-01,12.426494614334231,1.0039246097148524
278,1943-03-01,10.364261752165964,0.8194763737175531
279,1943-04-01,2.4100401603852237,-0.588381898826137
280,1943-05-01,2.664678571198021,-0.1129295706034536
281,1943-06-01,2.1343022277244623,0.3287620034596865
282,1943-07-01,1.8701480106395645,0.5174464748529025
283,1943-08-01,0.6700844633529406,-0.4417872288970071
284,1943-09-01,0.9099426595858986,-0.4104667806266499
285,1943-10-01,1.141383646759865,-0.2816348362788725
286,1943-11-01,0.6617987235873859,-1.251861915329036
287,1943-12-01,1.40558101698181,-1.0741798139919507
288,1944-01-01,1.135953497328098,-1.7068496919348104
289,1944-02-01,3.652071370157912,-0.7478581893435786
290,1944-03-01,11.18893275979866,0.9482254449175246
291,1944-04-01,11.184814162396638,1.5841540138074772
292,1944-05-01,8.894894209526434,1.6904605621633564
293,1944-06-01,0.7920303559806199,-0.7239528254190489
294,1944-07-01,0.8419709471232255,-0.4309218206521544
295,1944-08-01,0.6740181738333444,-0.4360388328158845
296,1944-09-01,0.2999473134943128,-1.456869910382245
297,1944-10-01,0.5272341632073532,-0.9823561471178592
298,1944-11-01,0.6272949221716597,-1.2972825361137006
299,1944-12-01,1.4235202436650152,-1.0622130838676769
300,1945-01-01,1.1415959971285037,-1.7027221346776962
301,1945-02-01,1.4080925354911673,-1.7336133313352604
302,1945-03-01,0.7542073377844895,-2.167769445243757
303,1945-04-01,5.430047202182136,0.4209021577378518
304,1945-05-01,6.448357464262006,1.1312480559433835
305,1945-06-01,6.538226911089237,2.029516446200402
306,1945-07-01,2.405960826145103,0.8730403654879102
307,1945-08-01,1.1437124699351258,0.1276204354129172
308,1945-09-01,1.1462155817965771,-0.1485102418891044
309,1945-10-01,0.8357809991429548,-0.5826556814035283
310,1945-11-01,1.4855978390884717,-0.4824436876219349
311,1945-12-01,2.106072800470252,-0.6716578335352583
312,1946-01-01,7.95317040109027,0.4140211109219934
313,1946-02-01,8.044170158254957,0.2997318406472472
314,1946-03-01,7.250284287838449,0.2620330598363256
315,1946-04-01,1.272778047977155,-1.2279931034085718
316,1946-05-01,0.5172600147732708,-1.7001925832525386
317,1946-06-01,0.4078650880140343,-1.280788324439202
318,1946-07-01,0.8051855621827364,-0.4773735397856211
319,1946-08-01,0.8362036677483169,-0.2171890599890634
320,1946-09-01,1.0061962194063565,-0.2986267925875981
321,1946-10-01,1.5476370316686472,0.0410028470033299
322,1946-11-01,3.855344887851474,0.6988557645324783
323,1946-12-01,9.481329923006586,1.356613878300329
324,1947-01-01,8.932628080913712,0.5849059833595676
325,1947-02-01,7.447510477612823,0.1855038579585617
326,1947-03-01,2.4550067007547436,-1.0855407329318614
327,1947-04-01,2.1636048282932174,-0.704537077426579
328,1947-05-01,1.2993616708759368,-0.8951733135004373
329,1947-06-01,0.5314903893391482,-1.069877754470807
330,1947-07-01,0.8819014566962342,-0.3820893983697208
331,1947-08-01,1.0047034850166416,-0.0191978871648906
332,1947-09-01,1.4597642805296565,0.1469451602052771
333,1947-10-01,1.7900250541395524,0.2064737151541795
334,1947-11-01,2.1390482792298515,-0.0729370144203939
335,1947-12-01,2.9694504773546084,-0.2912960632554688
336,1948-01-01,9.012977093547985,0.5983673174490656
337,1948-02-01,12.672346383405632,1.038258090776397
338,1948-03-01,14.39839046133773,1.3984351967996744
339,1948-04-01,9.790381765972828,1.346160949530024
340,1948-05-01,5.599916817275823,0.9061830949747416
341,1948-06-01,3.0291572126550035,0.7885344169990176
342,1948-07-01,1.1938940837893834,-0.0453790669647273
343,1948-08-01,1.3002473985626182,0.2791473679810067
344,1948-09-01,1.4325536633529787,0.123120915340136
345,1948-10-01,0.8923724595295423,-0.521602665197763
346,1948-11-01,3.331460432673931,0.4930250256788853
347,1948-12-01,2.8634444031224495,-0.3334138085648638
348,1949-01-01,9.979220368348324,0.754447779577674
349,1949-02-01,10.674632166916906,0.7456258077401217
350,1949-03-01,10.51351611579694,0.8432552023737013
351,1949-04-01,3.4006558630850483,-0.1917844912502565
352,1949-05-01,0.116908869868963,-2.7055666461080703
353,1949-06-01,0.9574984271150624,-0.5458340107421628
354,1949-07-01,0.9632415434031796,-0.2872176041960604
355,1949-08-01,0.9046676363555156,-0.1336927738604005
356,1949-09-01,0.0751521745668579,-2.4337903433651005
357,1949-10-01,0.1589426081625777,-1.8352206588941689
358,1949-11-01,0.1881230471953926,-2.186561357327336
359,1949-12-01,0.5737502338286662,-1.8315890461079136
360,1950-01-01,9.696176053715876,0.7097844516939094
361,1950-02-01,9.876626571784325,0.6188095256360377
362,1950-03-01,9.663035119369033,0.7046877431725848
363,1950-04-01,4.754332843438244,0.2372667402048638
364,1950-05-01,4.612542700579786,0.6146736599506821
365,1950-06-01,4.460484432481151,1.3678662213293913
366,1950-07-01,0.2601019235490257,-1.4825761465874412
367,1950-08-01,2.3044955970316945,1.041956753718774
368,1950-09-01,2.4947825977217533,0.8930191162518215
369,1950-10-01,2.489982160729733,0.6127403656383936
370,1950-11-01,5.313998089131477,1.190252087057735
371,1950-12-01,9.717350690279316,1.3993325478470315
372,1951-01-01,11.308291629833164,0.9538993342474912
373,1951-02-01,13.583402206288884,1.1619056501263296
374,1951-03-01,16.035972425376084,1.6038965914301295
375,1951-04-01,15.129037825349958,2.1711776929907103
376,1951-05-01,8.626778759181795,1.6342811604472756
377,1951-06-01,3.1322024688320207,0.8354675631093801
378,1951-07-01,2.4942190593587097,0.926528121660678
379,1951-08-01,3.954518309739956,1.9232519954002223
380,1951-09-01,3.034525319022758,1.2027104746018271
381,1951-10-01,6.3109379105796455,2.0539813176584687
382,1951-11-01,4.179414252422752,0.8171893272652498
383,1951-12-01,4.071852768476843,0.0952943775689103
384,1952-01-01,5.368748321192042,-0.1174292162452296
385,1952-02-01,5.404531264358421,-0.2601100592471109
386,1952-03-01,5.7023191632804515,-0.0767589550620058
387,1952-04-01,1.0467916885246915,-1.403286875730359
388,1952-05-01,1.0808262343400643,-1.0713982334579588
389,1952-06-01,0.3220188173872733,-1.458136865148996
390,1952-07-01,0.5158697250483382,-0.909379618150875
391,1952-08-01,0.4631570389774402,-0.7858060053051643
392,1952-09-01,0.5070748806138806,-1.0001482628233471
393,1952-10-01,2.029136226813878,0.3555188336622731
394,1952-11-01,2.241369428956335,-0.0170264111186155
395,1952-12-01,2.135888217686099,-0.6568334710962405
396,1953-01-01,0.8194920007811921,-1.9690738165370396
397,1953-02-01,1.615379461802232,-1.6059330382878163
398,1953-03-01,3.8181703125664512,-0.5882085265488214
399,1953-04-01,3.50332001109182,-0.1555285247667748
400,1953-05-01,2.520588692833547,-0.1796697513933245
401,1953-06-01,0.3415737483989757,-1.41479592579378
402,1953-07-01,0.3200633354109128,-1.3189856882486772
403,1953-08-01,0.2595104470804123,-1.2616094722844395
404,1953-09-01,0.235877134853958,-1.6473871193809693
405,1953-10-01,0.1225312671381393,-1.9935836651972405
406,1953-11-01,0.0941032008433153,-2.611005659705731
407,1953-12-01,2.3720403726703276,-0.5443284030652544
408,1954-01-01,2.8594344580290527,-0.8445322060890725
409,1954-02-01,5.159213352657631,-0.3209919386555623
410,1954-03-01,5.309996947470866,-0.1723615507831462
411,1954-04-01,5.775351596200757,0.5089358021604654
412,1954-05-01,3.9938584998245656,0.4106157821975855
413,1954-06-01,1.6602548454806043,0.0307391804079739
414,1954-07-01,0.9800575147324512,-0.2683078347765856
415,1954-08-01,0.6786842527896624,-0.4292509263581658
416,1954-09-01,0.7489693768578127,-0.6177472421649911
417,1954-10-01,0.5188242891062627,-0.9954476504586672
418,1954-11-01,3.5711650713036818,0.5896486364708827
419,1954-12-01,6.389541952304315,0.7211107240871942
420,1955-01-01,8.239313917140565,0.4653119473143332
421,1955-02-01,6.747793407334498,0.0434456806570585
422,1955-03-01,6.0108876703454595,-0.0046676561969142
423,1955-04-01,4.380629420732402,0.1281168740833576
424,1955-05-01,2.7239480421426534,-0.0861950812479308
425,1955-06-01,0.5100629674318722,-1.1035709129044946
426,1955-07-01,0.2913888119348705,-1.393991929032658
427,1955-08-01,0.1603196755875823,-1.609853503983982
428,1955-09-01,0.7966692287511437,-0.5532828595010733
429,1955-10-01,0.8290921678762795,-0.5900658619386667
430,1955-11-01,3.621031734377183,0.6092117162820673
431,1955-12-01,11.502060325150124,1.7031923603913797
432,1956-01-01,18.46193969406168,1.830153936129789
433,1956-02-01,18.279951808866773,1.7280344914984451
434,1956-03-01,10.30750101481998,0.8103753673517731
435,1956-04-01,5.225650182534692,0.3670382031674002
436,1956-05-01,2.842525327542879,-0.0338794187859323
437,1956-06-01,2.3271256776225453,0.4372590011793028
438,1956-07-01,1.2735683396292043,0.0306420975664365
439,1956-08-01,1.2130285785742168,0.1963370658752919
440,1956-09-01,1.3166436920062186,0.0180623386171894
441,1956-10-01,1.2117408299290822,-0.2206160139332513
442,1956-11-01,2.936363483502008,0.3232237565083187
443,1956-12-01,5.137482000947799,0.4062602270538198
444,1957-01-01,6.574601182393434,0.1480353156202732
445,1957-02-01,5.773359038941747,-0.172056364285943
446,1957-03-01,3.4551545539263375,-0.7062554340214907
447,1957-04-01,1.5773706222004638,-1.0252557801120612
448,1957-05-01,0.767596609983892,-1.3773780921879624
449,1957-06-01,0.6958269542190878,-0.8402800303926593
450,1957-07-01,0.4239123665094026,-1.0838880825921802
451,1957-08-01,1.2987509114037477,0.2777584031294356
452,1957-09-01,1.3203793697481403,0.0215440581663332
453,1957-10-01,1.334691126005659,-0.1196512153882508
454,1957-11-01,1.7190845712368974,-0.3238965028025271
455,1957-12-01,5.391472028181807,0.4739026347137126
456,1958-01-01,5.454363574019393,-0.097315422869202
457,1958-02-01,5.119763946607369,-0.3309677071192224
458,1958-03-01,8.211519811108682,0.4485541971087183
459,1958-04-01,8.160154206001621,1.039125109403303
460,1958-05-01,7.026168750560097,1.2739360559768076
461,1958-06-01,0.4447160796659314,-1.2133722391672763
462,1958-07-01,1.294573597255828,0.0501423980803686
463,1958-08-01,2.616109698764597,1.2331175766557103
464,1958-09-01,2.73237603485057,1.0341263398370977
465,1958-10-01,2.188049595268148,0.4482022810523794
466,1958-11-01,0.8933078205549557,-0.9857399978833566
467,1958-12-01,2.580887586924221,-0.4512614573397123
468,1959-01-01,14.03691568167898,1.3206778771221228
469,1959-02-01,16.61921576344841,1.5395650137575465
470,1959-03-01,14.78033389713276,1.4476130771079774
471,1959-04-01,3.1426555180765168,-0.2863549267812799
472,1959-05-01,1.0139149832426544,-1.1305787399847742
473,1959-06-01,0.8509183868648498,-0.6577334754140957
474,1959-07-01,1.5492711698069126,0.2711854168709917
475,1959-08-01,1.8178831129944617,0.7072163694870275
476,1959-09-01,2.1938477571149417,0.7012868601002881
477,1959-10-01,1.364645510636718,-0.0960357030111254
478,1959-11-01,2.378231021513614,0.0551029434248072
479,1959-12-01,2.007782744100516,-0.7216165179390522
480,1960-01-01,2.099168947489996,-1.1561979945057757
481,1960-02-01,1.3376609458860298,-1.780263880368762
482,1960-03-01,3.230912253149074,-0.7836422261797346
483,1960-04-01,3.07528423384604,-0.3119298355971644
484,1960-05-01,2.353066983672125,-0.2606535700050876
485,1960-06-01,0.6761835290540397,-0.8654604663513253
486,1960-07-01,1.3788581077566042,0.1262993420405066
487,1960-08-01,1.1381000182458747,0.1219347418592235
488,1960-09-01,1.0622830157772705,-0.2368602298134808
489,1960-10-01,0.5681617449796315,-0.9207736896580788
490,1960-11-01,0.476735766687001,-1.5211187262845456
491,1960-12-01,2.100418571412094,-0.674486019051045
492,1961-01-01,8.2496398394757,0.4671407371666478
493,1961-02-01,9.858106997150532,0.6157884917749662
494,1961-03-01,8.178700079685678,0.4424311603613383
495,1961-04-01,2.9319125212836905,-0.3676799906614443
496,1961-05-01,1.6769016696399293,-0.6359136236006727
497,1961-06-01,2.087142586858719,0.3012419464072662
498,1961-07-01,1.0805943784716536,-0.1597105940507075
499,1961-08-01,0.7474170950697414,-0.3328781893196204
500,1961-09-01,0.3526603258929664,-1.3223282249662458
501,1961-10-01,0.8985856972990419,-0.5150700274580425
502,1961-11-01,7.993428402812904,1.9061287427645224
503,1961-12-01,8.73090341856682,1.2161800814692216
504,1962-01-01,10.18697589389597,0.7867110455604638
505,1962-02-01,4.71753170576714,-0.4358590647782316
506,1962-03-01,6.392293140006805,0.0810563657433314
507,1962-04-01,4.3378866408348,0.1152391224923335
508,1962-05-01,5.451112593113769,0.8645019889610217
509,1962-06-01,3.004032630805455,0.7769354709370082
510,1962-07-01,3.3235372411876805,1.3787531293436053
511,1962-08-01,0.609842090712376,-0.5329729599081662
512,1962-09-01,1.3825286571539408,0.0785124368285835
513,1962-10-01,1.381824768191005,-0.0826526787640997
514,1962-11-01,1.329164928674722,-0.5987922426760903
515,1962-12-01,2.6542684896770794,-0.4198211973519407
516,1963-01-01,10.935971254601103,0.899619467854039
517,1963-02-01,12.207108382014315,0.9729180497948064
518,1963-03-01,15.064542882931736,1.4836925500553
519,1963-04-01,9.379941432830885,1.272101950659958
520,1963-05-01,11.090438781957811,2.115673832772248
521,1963-06-01,6.361817836158882,1.978852373437479
522,1963-07-01,3.50507933300601,1.4679608004661744
523,1963-08-01,0.7072306184573083,-0.3884260856401868
524,1963-09-01,2.616014767054674,0.9660439194275644
525,1963-10-01,2.6591528336925574,0.6992728688620243
526,1963-11-01,2.899990754838102,0.3068466274964093
527,1963-12-01,2.191685331427486,-0.6294827461116983
528,1964-01-01,4.502476881043354,-0.3345552524325068
529,1964-02-01,4.141318068231314,-0.5975877075187273
530,1964-03-01,3.778993753600287,-0.6005559309917936
531,1964-04-01,1.5724750161692451,-1.0282752717039516
532,1964-05-01,1.5287172086294272,-0.7321016260894616
533,1964-06-01,0.4082028743209551,-1.2801497145430272
534,1964-07-01,1.546295713356267,0.2687497799355463
535,1964-08-01,1.6275891704231162,0.5605082540243083
536,1964-09-01,1.6483943743041525,0.3044174265892866
537,1964-10-01,0.2326161824105228,-1.588311944423925
538,1964-11-01,1.9357652683653008,-0.1897020209957625
539,1964-12-01,8.075331358540172,1.0871195732822387
540,1965-01-01,11.55100412592198,0.9886697305524744
541,1965-02-01,11.925196802927848,0.9325454462189148
542,1965-03-01,6.393789916410734,0.0813858852065133
543,1965-04-01,3.92268523027775,-0.014560735870952
544,1965-05-01,4.302503679078422,0.5148267809847956
545,1965-06-01,3.736627266684441,1.0925751786875124
546,1965-07-01,4.105833299632579,1.7442293729992548
547,1965-08-01,2.305239824554811,1.0424322246397013
548,1965-09-01,2.6938125789831853,1.0117716302612247
549,1965-10-01,2.3020457878420606,0.5119799308834658
550,1965-11-01,8.280117702029871,1.973337343965776
551,1965-12-01,7.990412704217098,1.0699216181969002
552,1966-01-01,8.339600487493321,0.4830099592892334
553,1966-02-01,4.944016397364396,-0.3760678628925346
554,1966-03-01,4.881196020643094,-0.2825608793868789
555,1966-04-01,3.8960996049132137,-0.0231833564721549
556,1966-05-01,2.014614701143589,-0.4373742512093693
557,1966-06-01,1.9056104109541545,0.1912495106669232
558,1966-07-01,3.773208140538901,1.5946120035649554
559,1966-08-01,2.6784718000727783,1.269624019719113
560,1966-09-01,3.2452374185106243,1.3140851148174106
561,1966-10-01,1.7656459680414338,0.1905431585387942
562,1966-11-01,4.653374008248432,0.980047907018997
563,1966-12-01,5.612454596536441,0.5310667337630122
564,1967-01-01,8.140703010132636,0.4477707256302503
565,1967-02-01,5.826080550695057,-0.1597875589801433
566,1967-03-01,14.339883455187682,1.390829992636166
567,1967-04-01,12.010994599050232,1.7165440323251429
568,1967-05-01,11.975817297943555,2.272564586379732
569,1967-06-01,5.434142941808387,1.6972718743067403
570,1967-07-01,5.530282598410014,2.3128396188850315
571,1967-08-01,6.839092555379368,3.0309845777685416
572,1967-09-01,3.998389175013067,1.6787920603678534
573,1967-10-01,3.3235291423261817,1.0083323787477243
574,1967-11-01,2.125818002811503,-0.0802988585928992
575,1967-12-01,8.248265028069413,1.1217905569504536
576,1968-01-01,13.099944199140912,1.200285961181471
577,1968-02-01,20.478187161283664,1.9618598550126412
578,1968-03-01,16.311192030900656,1.6371234294720098
579,1968-04-01,13.70531279618694,1.9714752563974984
580,1968-05-01,7.390383066537261,1.3601117532431035
581,1968-06-01,4.766899384040352,1.475954597780613
582,1968-07-01,2.2605867368250023,0.7821168898534194
583,1968-08-01,0.5152420929480221,-0.6901564068919754
584,1968-09-01,1.657928158268823,0.3120491423492338
585,1968-10-01,3.016597005777929,0.8710185734057744
586,1968-11-01,4.8156594697038795,1.0333587899364505
587,1968-12-01,13.236992718168263,1.9717958487986391
588,1969-01-01,22.562374405347775,2.238606626580016
589,1969-02-01,20.46415273170031,1.9604173133656788
590,1969-03-01,11.28088072899817,0.9621976637141024
591,1969-04-01,0.8075500663311642,-1.6234975333312112
592,1969-05-01,0.8441228042414212,-1.2950260642069866
593,1969-06-01,0.6319157231522734,-0.9242427254984305
594,1969-07-01,0.397829441631623,-1.1384664125110031
595,1969-08-01,0.3815848831765682,-0.9528318783469204
596,1969-09-01,0.2445466583065107,-1.619430786654331
597,1969-10-01,0.3552946215110749,-1.289107782458972
598,1969-11-01,0.458200906564609,-1.5522860605094062
599,1969-12-01,1.3699686876061392,-1.0982737103192397
600,1970-01-01,6.681942217109206,0.1700156919668956
601,1970-02-01,8.401189332941462,0.3654051370715442
602,1970-03-01,7.44956024235188,0.3019927379046143
603,1970-04-01,2.7800461227789355,-0.428846917066847
604,1970-05-01,0.9709270607455248,-1.1701449172284564
605,1970-06-01,1.0149238180741105,-0.4892016984682001
606,1970-07-01,0.2745886730640248,-1.4405967890017384
607,1970-08-01,0.562930369940335,-0.6085426597272543
608,1970-09-01,1.7701829621218734,0.3997911002488586
609,1970-10-01,1.6616680152309438,0.1208816482939261
610,1970-11-01,6.307486438352588,1.4773417533855802
611,1970-12-01,5.351816064080524,0.4634820390013335
612,1971-01-01,21.14826373343822,2.1032765682483956
613,1971-02-01,16.689286193521337,1.547748198100919
614,1971-03-01,18.461137758442096,1.8854734369918325
615,1971-04-01,4.28476930835035,0.0991159454274565
616,1971-05-01,3.854633701013345,0.3618624131122276
617,1971-06-01,2.1739203452229656,0.3515698223621876
618,1971-07-01,0.5449903533956365,-0.8589268115104891
619,1971-08-01,0.5322898107517429,-0.660378173121393
620,1971-09-01,1.1728698843200207,-0.1213884026829478
621,1971-10-01,1.3551085078937668,-0.1035153887089646
622,1971-11-01,1.319655215090103,-0.6061725793960134
623,1971-12-01,0.3234829721407285,-2.2429579151860812
624,1972-01-01,1.0823961192854488,-1.7468383543173738
625,1972-02-01,5.57527305341224,-0.2188507204145415
626,1972-03-01,9.028465914010102,0.5960460839870515
627,1972-04-01,8.581118980000552,1.121879499450702
628,1972-05-01,4.055292747499789,0.4317713119811915
629,1972-06-01,1.1400823925956929,-0.3732245025703573
630,1972-07-01,0.6406582995222234,-0.7058814027474082
631,1972-08-01,1.4280784824238264,0.3940607134939481
632,1972-09-01,1.3800727626933718,0.076294560317439
633,1972-10-01,1.6111484667389722,0.0859672471544512
634,1972-11-01,0.8587487696257123,-1.0219307677342666
635,1972-12-01,2.454287496637049,-0.5070133535475331
636,1973-01-01,2.591733037875004,-0.9464966292023824
637,1973-02-01,2.6343737736009776,-1.1140433476585487
638,1973-03-01,0.5672590037505673,-2.388923058248573
639,1973-04-01,0.3228288667014549,-2.3084165853770053
640,1973-05-01,0.7961471734130889,-1.3459586458652024
641,1973-06-01,0.7670079147177241,-0.7531730876814159
642,1973-07-01,0.7293107255364835,-0.5781558867690785
643,1973-08-01,0.1969946602337195,-1.465495192947282
644,1973-09-01,0.5761186094108894,-0.8794707247103783
645,1973-10-01,0.6609545099824543,-0.792426065669214
646,1973-11-01,1.304773208500988,-0.6177987418206945
647,1973-12-01,5.962082640450521,0.6185675122382939
648,1974-01-01,12.655698565429978,1.1412979722818186
649,1974-02-01,12.422230697250631,1.0033253314191977
650,1974-03-01,10.076402879449644,0.7729828190265786
651,1974-04-01,4.621398516388256,0.199121837764498
652,1974-05-01,4.339818679128737,0.5270885026079665
653,1974-06-01,2.751156567855103,0.6565318054900925
654,1974-07-01,1.582042285811284,0.29780674019229
655,1974-08-01,1.50785775275948,0.4623522683633341
656,1974-09-01,3.604856624401176,1.4941371830091768
657,1974-10-01,3.793023807425146,1.2035698937244073
658,1974-11-01,4.965022470810403,1.0814225695136754
659,1974-12-01,1.76036258080825,-0.8556661634504285
660,1975-01-01,3.300483676172089,-0.6906119982740432
661,1975-02-01,4.331869001324588,-0.5424519458393869
662,1975-03-01,5.871507984516263,-0.036912175626203
663,1975-04-01,4.329848520793088,0.1128078193764571
664,1975-05-01,2.066604482243409,-0.4089443050324298
665,1975-06-01,0.5341664326600074,-1.0657416771830304
666,1975-07-01,0.1301742506245138,-1.9771261068641708
667,1975-08-01,0.1758998293472038,-1.5456644350584372
668,1975-09-01,0.3472624235764191,-1.3353739105160956
669,1975-10-01,0.5325262055425366,-0.9741976558501476
670,1975-11-01,3.3555024982228843,0.502918156575694
671,1975-12-01,3.2901368095284536,-0.1699080780316605
672,1976-01-01,4.990192130389089,-0.2090980895586188
673,1976-02-01,5.208723977319681,-0.3085462429530755
674,1976-03-01,8.126116871567275,0.432587063786158
675,1976-04-01,6.317651414356699,0.6404682992441818
676,1976-05-01,3.213683927767227,0.1208490488126055
677,1976-06-01,0.2001510728398725,-1.7880543426262556
678,1976-07-01,0.189342608173265,-1.7184794179530116
679,1976-08-01,0.1996286072744516,-1.4559613779619844
680,1976-09-01,0.4092042184471736,-1.19397527076134
681,1976-10-01,0.685527190019968,-0.7606751150996913
682,1976-11-01,1.6336670693195203,-0.3800384329709487
683,1976-12-01,1.3927106392839057,-1.0828348410395332
684,1977-01-01,1.2557077319765562,-1.622437258114627
685,1977-02-01,0.6947262358755911,-2.331326130488
686,1977-03-01,1.898128375652946,-1.3487020337633635
687,1977-04-01,4.673524153664825,0.2141654965475218
688,1977-05-01,4.897567023685847,0.7026669301806532
689,1977-06-01,3.789598107674019,1.1138056705837365
690,1977-07-01,0.9291917399112332,-0.3262231697818021
691,1977-08-01,0.4649400196537177,-0.7824054994620937
692,1977-09-01,0.5176406315977595,-0.9809306730418158
693,1977-10-01,0.7669145701473246,-0.6610982639279609
694,1977-11-01,0.7649762129614498,-1.1258764342231555
695,1977-12-01,1.533856433161247,-0.9909528247255298
696,1978-01-01,1.792718326082455,-1.3057799554984144
697,1978-02-01,1.87513296372622,-1.4623957870421491
698,1978-03-01,2.540441917077537,-1.0491720790704977
699,1978-04-01,2.793526711125091,-0.4233242296096785
700,1978-05-01,4.717422830962325,0.6474537389253081
701,1978-06-01,3.2717319835990337,0.8974607504887799
702,1978-07-01,2.4415846548658062,0.8947787710263029
703,1978-08-01,0.4859691362889998,-0.7429984126105873
704,1978-09-01,0.4258931314700763,-1.158650170898588
705,1978-10-01,1.0152426180390433,-0.3979847576036114
706,1978-11-01,2.8090904683057256,0.2653105130528849
707,1978-12-01,4.5916838825322674,0.253019572850387
708,1979-01-01,7.718741290015618,0.3710835604360702
709,1979-02-01,13.997109020904729,1.216313969991455
710,1979-03-01,14.085787223103194,1.35757236774891
711,1979-04-01,12.39603648719258,1.7763259866916756
712,1979-05-01,4.481162309206257,0.5729168097625881
713,1979-06-01,2.612591514761699,0.5874790553433576
714,1979-07-01,0.548243032688887,-0.8534147311748642
715,1979-08-01,0.2042180140419258,-1.4395802785676757
716,1979-09-01,0.2658620978787769,-1.5538219067185202
717,1979-10-01,1.3349335986508566,-0.1194585939098488
718,1979-11-01,1.8643751391936267,-0.2327098536683587
719,1979-12-01,2.8696068820933047,-0.3309359591017098
720,1980-01-01,15.162579453094631,1.4588120718779831
721,1980-02-01,19.82565269347843,1.894135141936122
722,1980-03-01,20.685974637284932,2.1243884808175895
723,1980-04-01,8.262640774232656,1.0595178102722822
724,1980-05-01,5.433370613015828,0.8594837408984632
725,1980-06-01,3.535390968652797,1.0101332092634157
726,1980-07-01,3.3532885720827936,1.3935771711992206
727,1980-08-01,1.165627099177443,0.1496421776055026
728,1980-09-01,1.2055723009158703,-0.0886840845002816
729,1980-10-01,0.471280167398787,-1.0725995560868202
730,1980-11-01,0.2884139043081788,-1.896610331865479
731,1980-12-01,2.5805468488344547,-0.4514089017326764
732,1981-01-01,3.0685697510857413,-0.7695706892016115
733,1981-02-01,5.270387700154025,-0.2931592533486438
734,1981-03-01,3.0405856258866693,-0.8523929947169037
735,1981-04-01,3.808155017169356,-0.051995322339345
736,1981-05-01,2.088866873038718,-0.3969235341210294
737,1981-06-01,2.2307393765720764,0.3838027406118604
738,1981-07-01,0.9775424399922492,-0.2711216354527905
739,1981-08-01,2.223966243814732,0.9899201678009676
740,1981-09-01,2.1224005873353766,0.653293270486651
741,1981-10-01,2.185760613744904,0.4468994573451504
742,1981-11-01,1.574639867065235,-0.4200469509045736
743,1981-12-01,5.019006989631946,0.3739506437646832
744,1982-01-01,13.62776901558096,1.268749817168361
745,1982-02-01,18.83653310154808,1.7888092507021025
746,1982-03-01,20.063432893913443,2.059188492253153
747,1982-04-01,12.45847817538976,1.785912567965943
748,1982-05-01,6.140485325788548,1.051892630215567
749,1982-06-01,1.9968328348943976,0.2473600118508902
750,1982-07-01,1.468000437018134,0.2034997596932656
751,1982-08-01,2.0296769815665474,0.8592150505729913
752,1982-09-01,1.8705395149445367,0.4751651352954011
753,1982-10-01,4.337716164250092,1.4118787399802355
754,1982-11-01,6.187749243204415,1.4443154243030116
755,1982-12-01,8.585283990108882,1.188056770198235
756,1983-01-01,5.819952204494682,-0.0137706855679367
757,1983-02-01,3.5492547362379474,-0.7812332821933204
758,1983-03-01,0.8716101547690724,-2.0503846731258557
759,1983-04-01,1.3025080637367776,-1.2067123480171218
760,1983-05-01,1.3032992898728444,-0.8922041308275708
761,1983-06-01,1.3409378142239672,-0.2045347572182023
762,1983-07-01,0.898399527316037,-0.3623663310486438
763,1983-08-01,1.1592854532913277,0.1432985029941104
764,1983-09-01,1.41030500798946,0.1034133361723687
765,1983-10-01,1.5530425470633515,0.0448781607797254
766,1983-11-01,1.1694990521306166,-0.7280946146412527
767,1983-12-01,6.616268682679185,0.773699120543621
768,1984-01-01,7.612951009280721,0.3514241637141199
769,1984-02-01,8.237787593241933,0.3355821728723226
770,1984-03-01,3.811349202212903,-0.5903519201241673
771,1984-04-01,2.86432942067545,-0.3946201107069164
772,1984-05-01,3.053906443423366,0.0558097433884114
773,1984-06-01,1.4075361429642668,-0.152509956395841
774,1984-07-01,1.0875211411434766,-0.1524902278299865
775,1984-08-01,0.2826221318104552,-1.1957841406906566
776,1984-09-01,0.9604910584178484,-0.3507556591814953
777,1984-10-01,0.8557244010948354,-0.5608112267789255
778,1984-11-01,2.2462907110484824,-0.0143815962946194
779,1984-12-01,2.0909501568295656,-0.6792342237546422
780,1985-01-01,4.661779914500713,-0.2925859583083072
781,1985-02-01,4.356050325387937,-0.5355776419664269
782,1985-03-01,4.003772781949085,-0.5308932138911969
783,1985-04-01,1.5967824807421604,-1.013350221374845
784,1985-05-01,1.2910149782777331,-0.9014888958662124
785,1985-06-01,1.8681779699955112,0.1677022545132322
786,1985-07-01,3.094258383039584,1.2616233461373252
787,1985-08-01,2.3411306561262166,1.0652473791385049
788,1985-09-01,2.0909297687615513,0.6318193262462002
789,1985-10-01,4.583393140310594,1.5005019426141224
790,1985-11-01,8.95585169977126,2.1263489113243126
791,1985-12-01,9.27908367024598,1.3194748550353572
792,1986-01-01,5.808822351490739,-0.0162605756053766
793,1986-02-01,4.1712370648425425,-0.588814279732571
794,1986-03-01,4.114200847540821,-0.4976723881044536
795,1986-04-01,5.135115590748647,0.3427334486606646
796,1986-05-01,2.968462119589659,0.0200795802153294
797,1986-06-01,2.3790832264402355,0.4654693604486702
798,1986-07-01,1.915705649234174,0.5500858897187413
799,1986-08-01,1.351824486303165,0.3263800666994088
800,1986-09-01,2.479068648192868,0.8833883641384012
801,1986-10-01,1.7489251935633905,0.1795311287979629
802,1986-11-01,2.94628399551999,0.3276670972359969
803,1986-12-01,3.165599385051377,-0.2160346569933374
804,1987-01-01,4.74544892636034,-0.2709397767187413
805,1987-02-01,4.5453562587716965,-0.4826638566099306
806,1987-03-01,3.2776862636094166,-0.7671915770767308
807,1987-04-01,3.7369332434519977,-0.0756628081001593
808,1987-05-01,5.108665243070752,0.7657142660404216
809,1987-06-01,5.164552490020786,1.6099877932388906
810,1987-07-01,3.065442515147311,1.2465217245405404
811,1987-08-01,0.744252264690879,-0.3371755306665536
812,1987-09-01,0.9645920860369956,-0.3460085021895072
813,1987-10-01,0.8817128466716254,-0.532886349301132
814,1987-11-01,2.319601746287798,0.0245586782521083
815,1987-12-01,8.275323650678654,1.1271735947349013
816,1988-01-01,10.47196771030792,0.8302840003072677
817,1988-02-01,9.139188979890433,0.495522621069818
818,1988-03-01,3.0978330959091336,-0.8313973132404433
819,1988-04-01,0.9963943275265574,-1.4462166649095365
820,1988-05-01,0.990505149902873,-1.1519671146024393
821,1988-06-01,0.6739132372111868,-0.8684051562705757
822,1988-07-01,0.7310674664948094,-0.5757400639217831
823,1988-08-01,0.6753304489757318,-0.4341264679829049
824,1988-09-01,0.9454053491455456,-0.3683409603466148
825,1988-10-01,1.2031902714838123,-0.2278975423426005
826,1988-11-01,4.4837171588496165,0.923029996215575
827,1988-12-01,16.039282516104223,2.363673147306291
828,1989-01-01,16.566000132144946,1.6223388906927865
829,1989-02-01,17.473266281167987,1.6378798220288329
830,1989-03-01,9.43609140328814,0.666383144697066
831,1989-04-01,12.379380244027663,1.7737637637494796
832,1989-05-01,8.470406860933027,1.6010163302154194
833,1989-06-01,4.777508136122207,1.4796184476714356
834,1989-07-01,2.322618023373712,0.8213616631870804
835,1989-08-01,2.045756559092907,0.8703289630599736
836,1989-09-01,2.0551438812288554,0.6071433133317586
837,1989-10-01,4.577440254609701,1.4983898170754435
838,1989-11-01,7.173189608385819,1.7052977333772734
839,1989-12-01,9.826180276456334,1.4188116190897566
840,1990-01-01,9.627307837334143,0.6987896520868605
841,1990-02-01,10.868799345502827,0.7755435940151562
842,1990-03-01,8.339982350296498,0.472366975492848
843,1990-04-01,4.57631295538742,0.1860179917200312
844,1990-05-01,0.925287391512048,-1.2136053794279311
845,1990-06-01,0.5493772812089956,-1.0425214689857136
846,1990-07-01,0.8383157647964422,-0.4354726619090682
847,1990-08-01,1.0001877986551655,-0.0241933651442432
848,1990-09-01,1.06751844024733,-0.2312110148573435
849,1990-10-01,0.6858309455338394,-0.7602878658818245
850,1990-11-01,5.9395551639800575,1.3745662261273806
851,1990-12-01,9.760394066244825,1.4070529710040542
852,1991-01-01,12.031458612432566,1.0561454236465109
853,1991-02-01,7.677555286329234,0.2302440673154378
854,1991-03-01,5.509161242268768,-0.123247315419532
855,1991-04-01,3.3229932824898145,-0.2197147829599063
856,1991-05-01,2.8454631673034747,-0.0326023247682717
857,1991-06-01,1.4145718026905227,-0.1471141029057817
858,1991-07-01,1.4796982486428625,0.2133943515986065
859,1991-08-01,0.7501369627245007,-0.3291952285975436
860,1991-09-01,1.0696356843740946,-0.2289318744860393
861,1991-10-01,1.0429278640991877,-0.3716118854854273
862,1991-11-01,1.0519360527186223,-0.8316799542989814
863,1991-12-01,1.2581434497405009,-1.1770770442035712
864,1992-01-01,3.176591409078971,-0.7322807273305431
865,1992-02-01,4.1702548479725685,-0.5891016002292149
866,1992-03-01,3.454254334320819,-0.7065588553592105
867,1992-04-01,1.6679349394781933,-0.9705970593921436
868,1992-05-01,3.176521797436052,0.1059201305054916
869,1992-06-01,3.143982411218921,0.8407691836619242
870,1992-07-01,3.4478920704539537,1.4401767498245512
871,1992-08-01,0.7367376633632392,-0.3474308263147525
872,1992-09-01,1.5524054959574345,0.2258853538220958
873,1992-10-01,1.9130710569544755,0.2847301391084245
874,1992-11-01,4.679270192069639,0.9886335008857868
875,1992-12-01,7.854729184513835,1.0421996057745953
876,1993-01-01,11.610174230065867,0.9970752824604124
877,1993-02-01,9.183859155328031,0.5031726509549456
878,1993-03-01,5.40577977950782,-0.1485869613425989
879,1993-04-01,0.8146850669002808,-1.6162498030507446
880,1993-05-01,0.6741120894773198,-1.4868925062651164
881,1993-06-01,0.4973760712212874,-1.1240234047944666
882,1993-07-01,0.4474323057996311,-1.0367768831324171
883,1993-08-01,1.1873594817863131,0.1712064544968805
884,1993-09-01,1.4153386877428416,0.1078903729343609
885,1993-10-01,3.20851688379448,0.957867601379504
886,1993-11-01,3.351130299657645,0.5011225055225597
887,1993-12-01,3.020789308752862,-0.2712728788862664
888,1994-01-01,2.080440408138008,-1.1648568564366262
889,1994-02-01,3.83723571486616,-0.6893998366050142
890,1994-03-01,6.329324106160998,0.0671461812491429
891,1994-04-01,5.681327967413368,0.4853163227540147
892,1994-05-01,2.948484927882285,0.01162536668792
893,1994-06-01,0.5558186795559308,-1.032832783736313
894,1994-07-01,0.4500297486312808,-1.0316877050706277
895,1994-08-01,0.6146012843263632,-0.5255416607805269
896,1994-09-01,1.3668335827189415,0.0642922436872857
897,1994-10-01,1.3270362816179615,-0.1257447203792139
898,1994-11-01,1.336421586455074,-0.5931857342382899
899,1994-12-01,0.5402755996883644,-1.8770463448603012
900,1995-01-01,4.2396239848715,-0.4061208916596343
901,1995-02-01,5.639776580475326,-0.2034895093444697
902,1995-03-01,7.977947458716105,0.4046201251664406
903,1995-04-01,4.780152755563764,0.244592632256849
904,1995-05-01,3.331701219910451,0.1675019033601865
905,1995-06-01,1.1300193717647335,-0.3822069493837682
906,1995-07-01,0.963145623439329,-0.2873261240602399
907,1995-08-01,0.7437663478337785,-0.3378364645453625
908,1995-09-01,0.6823544313600131,-0.7128717143696729
909,1995-10-01,0.5289408721879392,-0.9797183605314834
910,1995-11-01,0.5327918363333715,-1.4322034896163858
911,1995-12-01,4.566671468431227,0.2457127258116951
912,1996-01-01,7.623054769165011,0.3533095772302741
913,1996-02-01,8.899388810665167,0.4540291947989654
914,1996-03-01,7.991601011896089,0.4072115088418199
915,1996-04-01,4.9323718364957045,0.28725348273734
916,1996-05-01,3.8989269085640617,0.3774976189470707
917,1996-06-01,1.1151252391329836,-0.3956056933588443
918,1996-07-01,0.8986466909226741,-0.3620727902290238
919,1996-08-01,0.8092270720696922,-0.2513933082325975
920,1996-09-01,0.7984356506116321,-0.5509488974805016
921,1996-10-01,0.7137660214466932,-0.7251965419771416
922,1996-11-01,3.5453275374795203,0.5794420722004154
923,1996-12-01,9.099231815273246,1.2860188127850989
924,1997-01-01,17.93912347463729,1.774215932833926
925,1997-02-01,15.718523042014503,1.4324002697719265
926,1997-03-01,16.105495069816584,1.6123232128457787
927,1997-04-01,7.860610678602248,0.978569099458208
928,1997-05-01,8.49315763087666,1.6058795662673149
929,1997-06-01,2.4812571578509357,0.5197819587023937
930,1997-07-01,2.0646168199006936,0.6533541740850467
931,1997-08-01,0.9654513811756944,-0.0631467413524351
932,1997-09-01,2.2808136434287203,0.7583547070077303
933,1997-10-01,2.474009418459744,0.6043744052274737
934,1997-11-01,3.9499096867177705,0.7340307244496153
935,1997-12-01,3.053811304050326,-0.2585179488220025
936,1998-01-01,3.732820089790216,-0.5533829195532747
937,1998-02-01,2.04692823888958,-1.375483047409371
938,1998-03-01,1.5468211974534072,-1.5460005243326012
939,1998-04-01,0.622981025026094,-1.8309493525230671
940,1998-05-01,0.4627394729514944,-1.786167066753984
941,1998-06-01,0.3165834430031979,-1.4705446537542128
942,1998-07-01,0.2084855429804334,-1.648657832395049
943,1998-08-01,0.2525277117824464,-1.2823734961629951
944,1998-09-01,0.2081614735639462,-1.7424896626639073
945,1998-10-01,0.2150397543148427,-1.640838024820158
946,1998-11-01,0.470183353863509,-1.5320284711951242
947,1998-12-01,1.5938315544970263,-0.9537842756499826
948,1999-01-01,3.1543767956333006,-0.7398744048392805
949,1999-02-01,3.30156627590877,-0.8645689248380599
950,1999-03-01,2.0834043504105577,-1.2554739203744587
951,1999-04-01,0.732721321504232,-1.7026527541148957
952,1999-05-01,0.9489576010241966,-1.1908707893195087
953,1999-06-01,0.9436772898009096,-0.5598242833857426
954,1999-07-01,0.8030456030485917,-0.4801215870067115
955,1999-08-01,0.3190328090545791,-1.0999068185841356
956,1999-09-01,0.4234962318756448,-1.163659374797201
957,1999-10-01,1.6472148329752578,0.1109672919847415
958,1999-11-01,1.5271611666556617,-0.4529993401582618
959,1999-12-01,2.9315481318483805,-0.3062333923395907
960,2000-01-01,1.8757450655921224,-1.263483779269087
961,2000-02-01,1.827779994062384,-1.487395426494499
962,2000-03-01,0.6337438390358641,-2.304377331955115
963,2000-04-01,0.4254453634397689,-2.11558551671052
964,2000-05-01,0.528849945409527,-1.6828345269996383
965,2000-06-01,1.3088644685371702,-0.2302305561456069
966,2000-07-01,1.345292628419827,0.0963586427369298
967,2000-08-01,1.2635261592751958,0.2447505954107841
968,2000-09-01,0.3918858933543884,-1.2317905603905972
969,2000-10-01,0.4015113160852926,-1.1971938498203762
970,2000-11-01,3.2638939469690653,0.4649678743566308
971,2000-12-01,3.2702186238120317,-0.1772037086533498
972,2001-01-01,3.486709216483038,-0.6300264192073703
973,2001-02-01,0.9629221779270932,-2.066496451452482
974,2001-03-01,0.9724736725888932,-1.95908817541029
975,2001-04-01,0.6448592464743379,-1.804038722121436
976,2001-05-01,0.3770280572686049,-1.9390022846994115
977,2001-06-01,0.2528452768934954,-1.6300984180350593
978,2001-07-01,0.3499791429100128,-1.2459914998519668
979,2001-08-01,0.3631403861755573,-0.9942036880683248
980,2001-09-01,0.2307365011795805,-1.6643429559456455
981,2001-10-01,0.2792022688761802,-1.462806451215064
982,2001-11-01,4.954104326644404,1.0779405946583644
983,2001-12-01,6.262038616463367,0.6910035430655738
984,2002-01-01,9.489416443387292,0.6766206948025519
985,2002-02-01,6.078119731290105,-0.1021608768110501
986,2002-03-01,5.932298928942482,-0.0227854754489342
987,2002-04-01,5.449528939362187,0.4259656490947932
988,2002-05-01,7.077600644700235,1.2862727243984065
989,2002-06-01,6.103231423193418,1.903025747012777
990,2002-07-01,3.352881255714895,1.3933747752000964
991,2002-08-01,0.3822787746438033,-0.9513046810126414
992,2002-09-01,0.8063267377510626,-0.5405669316726854
993,2002-10-01,5.6677388417149555,1.860200387992184
994,2002-11-01,5.890971239679031,1.3607008197554515
995,2002-12-01,5.286048252450217,0.4460871298223535
996,2003-01-01,2.4002500552413615,-1.024229138793409
997,2003-02-01,3.8674788457885936,-0.6800429838078367
998,2003-03-01,5.748388795286229,-0.0658300227930667
999,2003-04-01,3.738818045803702,-0.0750325279658596
1000,2003-05-01,2.0194377354054303,-0.4347153340295778
1001,2003-06-01,0.4764885650706025,-1.15856743399656
1002,2003-07-01,0.5832357055257698,-0.7955708006760823
1003,2003-08-01,0.7130151932031235,-0.3802957240623016
1004,2003-09-01,0.4408419833327508,-1.1278740094683766
1005,2003-10-01,0.4235775690680462,-1.1561290929517276
1006,2003-11-01,1.0547266074145714,-0.8291263974491405
1007,2003-12-01,2.7016110112904244,-0.3998590937572713
1008,2004-01-01,7.177562548605042,0.2685471555143078
1009,2004-02-01,10.017332275604227,0.6416424649943178
1010,2004-03-01,9.326642973610513,0.6476953329748881
1011,2004-04-01,4.765987772629638,0.2405768809554058
1012,2004-05-01,1.713161681731386,-0.6133079190674188
1013,2004-06-01,0.994307268716932,-0.5092645905187532
1014,2004-07-01,0.8965017182075902,-0.3646221279843244
1015,2004-08-01,0.5278251965377186,-0.6681093675985704
1016,2004-09-01,0.4635719146535747,-1.0825318931645185
1017,2004-10-01,0.931922198384876,-0.4805594192092177
1018,2004-11-01,1.753150819051813,-0.3020488221487424
1019,2004-12-01,2.4749198135579253,-0.4977913891633755
1020,2005-01-01,6.579495861357181,0.1490428300088623
1021,2005-02-01,6.96134857803691,0.0878121932749727
1022,2005-03-01,8.676437773972921,0.5336121593805192
1023,2005-04-01,4.14769331845944,0.0568750655387409
1024,2005-05-01,3.893617022034036,0.3756294968282571
1025,2005-06-01,1.616827014631261,0.0006789478570553
1026,2005-07-01,1.7538300257701682,0.4316674858807265
1027,2005-08-01,0.8212760568557465,-0.2360195517374682
1028,2005-09-01,0.8985405602375937,-0.424255401281589
1029,2005-10-01,0.7542774018363462,-0.6760398319847464
1030,2005-11-01,1.8115284436643968,-0.2652865171077448
1031,2005-12-01,1.3554291137861505,-1.108243722353583
1032,2006-01-01,2.1929522655535703,-1.1136764444758285
1033,2006-02-01,1.9627955560840944,-1.4173361831261344
1034,2006-03-01,11.16415260205919,0.9444473112654828
1035,2006-04-01,10.531998963725462,1.4751890186916037
1036,2006-05-01,10.617081983404423,2.0286707613280845
1037,2006-06-01,1.4771388749101997,-0.0999250597490608
1038,2006-07-01,1.2101985178246917,-0.0295466993390659
1039,2006-08-01,0.1426721937955201,-1.6887906335094058
1040,2006-09-01,0.2957407207012553,-1.46836288222448
1041,2006-10-01,9.149207249320009,2.7917834618543416
1042,2006-11-01,10.9086086910645,2.53284409729261
1043,2006-12-01,10.664769978568222,1.5645827891277828
1044,2007-01-01,2.619922185901355,-0.9354098317663702
1045,2007-02-01,1.5720080634045146,-1.6315710975682816
1046,2007-03-01,4.450864853983644,-0.4000896272788939
1047,2007-04-01,3.986807150408288,0.006073989886668
1048,2007-05-01,3.4617071558716077,0.217625996790033
1049,2007-06-01,0.5903401666379671,-0.9822863356350312
1050,2007-07-01,0.4230483331288201,-1.0856553927785386
1051,2007-08-01,1.4387508953024448,0.4033402764738193
1052,2007-09-01,1.711291185885027,0.3542355649156886
1053,2007-10-01,1.579175047801681,0.0634846387491091
1054,2007-11-01,1.9105068884288077,-0.204791248542142
1055,2007-12-01,11.837103257689618,1.7569095250843696
1056,2008-01-01,12.225832712479956,1.082955196536813
1057,2008-02-01,11.512669158813924,0.8723464924007778
1058,2008-03-01,1.4081023994891588,-1.633298155765091
1059,2008-04-01,1.7033137924715032,-0.9498335884677638
1060,2008-05-01,0.936941734796787,-1.2023581508903347
1061,2008-06-01,0.9579334424051268,-0.5453960197526065
1062,2008-07-01,1.1048403821789312,-0.1345744948465938
1063,2008-08-01,1.2505089897125408,0.2323967505479689
1064,2008-09-01,1.2654803062743838,-0.0303136618564378
1065,2008-10-01,0.4522502754918274,-1.105121687159178
1066,2008-11-01,0.4903565165112876,-1.4988044141447965
1067,2008-12-01,5.320210798472516,0.455140469963663
1068,2009-01-01,9.067765268626369,0.6075013768246951
1069,2009-02-01,10.2900873352745,0.6853150019454678
1070,2009-03-01,7.513524208725218,0.3146681152276205
1071,2009-04-01,4.1656125093602725,0.0624500761445113
1072,2009-05-01,3.3011891596910905,0.1555483015602189
1073,2009-06-01,1.167894068410454,-0.3486858268638787
1074,2009-07-01,0.824741516676944,-0.4524965697917976
1075,2009-08-01,1.9984718382827928,0.8374840967309258
1076,2009-09-01,2.003130359785015,0.5707719551903545
1077,2009-10-01,1.986398905489602,0.3297750115766493
1078,2009-11-01,0.759320522844942,-1.1324420389308725
1079,2009-12-01,1.7406650149023857,-0.8669101924433104
1080,2010-01-01,3.1342641482423264,-0.7467826321722809
1081,2010-02-01,3.6978816605986378,-0.7332029081310832
1082,2010-03-01,3.4392030748760627,-0.7116402606842946
1083,2010-04-01,2.09428438839487,-0.7389034444710901
1084,2010-05-01,1.0570527309693307,-1.0921063567527785
1085,2010-06-01,0.4071507194803153,-1.2821402198155083
1086,2010-07-01,0.4825458394967803,-0.969746015835973
1087,2010-08-01,0.4160886475095957,-0.879255900363833
1088,2010-09-01,0.4485338140046258,-1.1123399176299396
1089,2010-10-01,0.3508503898026597,-1.298419243120318
1090,2010-11-01,1.0160577402664677,-0.8649582784783428
1091,2010-12-01,5.095935345762179,0.39498665123591
1092,2011-01-01,11.414712212622735,0.9692031146059136
1093,2011-02-01,12.46591951613688,1.0094594146016738
1094,2011-03-01,9.29180956262304,0.6417177204388793
1095,2011-04-01,3.087628337585331,-0.3072149884764092
1096,2011-05-01,1.9762219888563528,-0.4587010441773625
1097,2011-06-01,1.109519358498027,-0.4006814007498845
1098,2011-07-01,1.0823016807754235,-0.157927968337473
1099,2011-08-01,0.4342825210881362,-0.8422571503299281
1100,2011-09-01,0.5438062138120384,-0.9345484784601582
1101,2011-10-01,0.4717591868738366,-1.0717937498542682
1102,2011-11-01,0.8559764447846858,-1.0248802021062542
1103,2011-12-01,0.8153002540467551,-1.5535410481710634
1104,2012-01-01,0.939641600043599,-1.861489102823844
1105,2012-02-01,1.6342113246789851,-1.5949631776171906
1106,2012-03-01,2.8490131682622852,-0.9247874728654402
1107,2012-04-01,2.605216112616141,-0.5022339241382499
1108,2012-05-01,1.5711666254396115,-0.7038890600075082
1109,2012-06-01,0.2226236539365915,-1.7170832784203531
1110,2012-07-01,0.2972903603470118,-1.378108838484942
1111,2012-08-01,0.3632825612442494,-0.993878875699746
1112,2012-09-01,1.4520623522387996,0.1402323145771621
1113,2012-10-01,1.3492936291661792,-0.1080937046859857
1114,2012-11-01,1.3768738718552984,-0.562322948938682
1115,2012-12-01,0.1518817377632849,-2.722556815307877
1116,2013-01-01,1.978275159641322,-1.2131351220327864
1117,2013-02-01,1.97741645782581,-1.409967980421534
1118,2013-03-01,3.0621669261625013,-0.8444449657980522
1119,2013-04-01,1.290597949950917,-1.2151937322774709
1120,2013-05-01,2.9757250665957873,0.023143635914226
1121,2013-06-01,2.128037821392497,0.3251298976562279
1122,2013-07-01,2.7592725022328004,1.0802288128771576
1123,2013-08-01,1.8377239367838416,0.7219267168732352
1124,2013-09-01,1.9150106897852024,0.5077140665220582
1125,2013-10-01,1.403421539368946,-0.0659897511002755
1126,2013-11-01,1.6782817690391305,-0.3504655525963416
1127,2013-12-01,3.640459456897592,-0.0462730480359972
1128,2014-01-01,8.065530504975946,0.4343044525145059
1129,2014-02-01,9.486032365257731,0.5542905993817445
1130,2014-03-01,11.40551048197969,0.9810200619121832
1131,2014-04-01,7.039600430534297,0.8046160684929324
1132,2014-05-01,6.289801424697136,1.0906876269606278
1133,2014-06-01,2.332656102381198,0.4402814021564351
1134,2014-07-01,5.495254280755602,2.299994139573248
1135,2014-08-01,3.791062280968818,1.8475902688745376
1136,2014-09-01,5.365719295074152,2.2452184562947712
1137,2014-10-01,3.0567685306460506,0.8894839433140711
1138,2014-11-01,4.167673298785792,0.8130077302664934
1139,2014-12-01,4.324650119689906,0.1735873162156927
1140,2015-01-01,5.563134309952798,-0.0720702737926999
1141,2015-02-01,8.595722087609063,0.4004131668687036
1142,2015-03-01,8.699032351587569,0.5376687555190848
1143,2015-04-01,7.619617277115541,0.9287695992844344
1144,2015-05-01,4.745314597990796,0.6560911392274564
1145,2015-06-01,3.085809134528492,0.8144622853271852
1146,2015-07-01,3.326949917494858,1.380457741423304
1147,2015-08-01,5.054395424794726,2.389131668461589
1148,2015-09-01,5.642305576060811,2.348757296026103
1149,2015-10-01,5.281498388819025,1.7373454848558152
1150,2015-11-01,3.116825015132121,0.402544872171487
1151,2015-12-01,2.2576204175514367,-0.5977941341054963
1152,2016-01-01,1.4225519105576274,-1.5145694827840137
1153,2016-02-01,1.0874871770992882,-1.96300676361408
1154,2016-03-01,2.8199635903666405,-0.9360688754177536
1155,2016-04-01,3.203987691913951,-0.2634008968677061
1156,2016-05-01,4.822708742489009,0.67988642666894
1157,2016-06-01,3.3201917587314456,0.9185939685615582
1158,2016-07-01,4.359462111710327,1.8533817935446175
1159,2016-08-01,2.883701274401253,1.3861371640214946
1160,2016-09-01,4.352997380929062,1.83580357518436
1161,2016-10-01,2.768203202844009,0.7531721494199687
1162,2016-11-01,2.5430597776433608,0.1383300888652328
1163,2016-12-01,4.710341459392778,0.2873255234010576
1164,2017-01-01,5.341156145290331,-0.1239582150853444
1165,2017-02-01,6.702100698716379,0.0338302821542066
1166,2017-03-01,4.634669494777244,-0.3489679598106219
1167,2017-04-01,7.869019848132055,0.980289033222707
1168,2017-05-01,6.8511990776814855,1.2315363033144655
1169,2017-06-01,5.223059822498595,1.6291642512237947
1170,2017-07-01,1.4031395031919902,0.1476531629765518
1171,2017-08-01,0.6655774914257742,-0.4484027983006317
1172,2017-09-01,0.5786956493414459,-0.8751759870237702
1173,2017-10-01,1.16511246547809,-0.2607692433799988
1174,2017-11-01,2.070875430206783,-0.1112113001933977
1175,2017-12-01,2.997192726939955,-0.2804464841123827
1176,2018-01-01,2.712314472586007,-0.8996681322988067
1177,2018-02-01,5.1925062593223,-0.3126139264867814
1178,2018-03-01,5.485286688542736,-0.1290701295574139
1179,2018-04-01,8.77111281228736,1.1583850603848362
1180,2018-05-01,6.064043969330229,1.0317991348968876
1181,2018-06-01,4.805677222408295,1.489322539217146
1182,2018-07-01,1.522315822514922,0.2490051071672862
1183,2018-08-01,3.2647377563725826,1.589473816522408
1184,2018-09-01,4.9489940229096865,2.082962886171844
1185,2018-10-01,5.618205737520664,1.8447359588043477
1186,2018-11-01,3.4372258846875976,0.5362024919730837
1187,2018-12-01,1.6711886793366386,-0.9073225761894766
1188,2019-01-01,2.2590182869800843,-1.084519640865355
1189,2019-02-01,6.571718403024607,0.0061472521228911
1190,2019-03-01,6.546791056635505,0.1147990444393734
1191,2019-04-01,5.367288412407658,0.4045084516533477
1192,2019-05-01,2.058641239587897,-0.4132661403354445
1193,2019-06-01,2.3347954774628388,0.4414493098540577
1194,2019-07-01,2.0233403195952024,0.6252304059897784
1195,2019-08-01,1.7640997381498709,0.666808813905636
1196,2019-09-01,2.5283372340773007,0.913454468164992
1197,2019-10-01,2.7603074655341,0.7493162667288233
1198,2019-11-01,2.3869539255116505,0.059603545737729
1199,2019-12-01,2.9412640956976253,-0.3023916062129257
1200,2020-01-01,9.315178723658356,0.6483064331652232
1201,2020-02-01,10.60087915781904,0.7341693038619092
1202,2020-03-01,10.146806193496657,0.7844325868878439
1203,2020-04-01,4.777241081355722,0.2437678269391502
1204,2020-05-01,3.2788627048246637,0.146754393929707
1205,2020-06-01,2.3291082077197007,0.4383430076114933
1206,2020-07-01,1.510497239955472,0.2391972633614326
1207,2020-08-01,1.2431138910913109,0.2253400277177747
1208,2020-09-01,1.070342302623691,-0.2281719189202534
1209,2020-10-01,0.5981827412632509,-0.8776612960251937
1210,2020-11-01,2.1747244464721915,-0.0532393806784916
1211,2020-12-01,2.610266355357116,-0.4385997111374306
1212,2021-01-01,6.493831918945794,0.1313365748309177
1213,2021-02-01,6.674088487080941,0.0279135858815631
1214,2021-03-01,8.758323137667695,0.5482809770574764
1215,2021-04-01,5.0238936587326615,0.312482297270795
1216,2021-05-01,3.26926196433834,0.1429604815265291
1217,2021-06-01,0.8421641479860108,-0.6673636034475668
1218,2021-07-01,0.6034775425512463,-0.7632538724336975
1219,2021-08-01,0.471649585248112,-0.7696936297969447
1220,2021-09-01,0.4477027350917405,-1.1140087485615684
1221,2021-10-01,0.4588573964214414,-1.0937154128143691
1222,2021-11-01,0.519206908396507,-1.453067996541789
1223,2021-12-01,6.062846635722258,0.6431603953686859
1224,2022-01-01,6.16291356524771,0.0614210029484761
1225,2022-02-01,6.22468079331203,-0.0693967735336667
1226,2022-03-01,0.6302193231620713,-2.3086761802734896
1227,2022-04-01,0.5056503042252836,-1.9894733321778344
1228,2022-05-01,0.6370817139763651,-1.5334926967343343
1229,2022-06-01,0.7152054605811325,-0.8159444057980898
1230,2022-07-01,0.7157398371095332,-0.5969595212299396
1231,2022-08-01,1.2779385357286943,0.2583294444927131
1232,2022-09-01,3.0953974597271268,1.235372396883133
1233,2022-10-01,3.5019845889286145,1.0844812914427555
1234,2022-11-01,2.8330863269573463,0.2763613058993167
1235,2022-12-01,3.5882457704600683,-0.0641683147328114
1236,2023-01-01,4.446166802324086,-0.3496368429932931
1237,2023-02-01,5.479989202467319,-0.2417669512299521
1238,2023-03-01,5.393671358571504,-0.1515764384527033
1239,2023-04-01,4.3668398482117965,0.123971569166594
1240,2023-05-01,3.5992625063984036,0.2693065863391599
1241,2023-06-01,1.4476504900185063,-0.1219904059256803
1242,2023-07-01,1.4361995898380604,0.176330600155827
1243,2023-08-01,0.8977073045702656,-0.1419773509325392
1244,2023-09-01,0.5227910106054919,-0.9716671871527686
1245,2023-10-01,0.2887666571924881,-1.4390960990173414
1246,2023-11-01,1.4257212576092573,-0.525901943763198
1247,2023-12-01,1.8629956998664752,-0.7985089546554973
1248,2024-01-01,12.815515861759692,1.1626677716028282
1249,2024-02-01,11.705849804103678,0.9007066358831385
1250,2024-03-01,11.14323744055852,0.9412542679376515
1251,2024-04-01,0.5017594910113032,-1.9952091543008308
1252,2024-05-01,1.601331578615614,-0.6841712743655679
1253,2024-06-01,1.5795868762070044,-0.0255402586693828
1254,2024-07-01,1.3683817844830368,0.1170077472734445
1255,2024-08-01,1.4181286111058375,0.3853678900724386
1256,2024-09-01,1.508513538045029,0.1888908128533056
1257,2024-10-01,1.3845924206119409,-0.0805073440046036
