,datetime,RF_in_scale_3,SPI-3
0,1920-01-01,,
1,1920-02-01,,
2,1920-03-01,23.497167902297804,-0.6544620823330324
3,1920-04-01,25.93101735085849,-0.7218577429443517
4,1920-05-01,24.21094664311032,-0.58725246646385
5,1920-06-01,7.320553229016678,-1.7143668192364374
6,1920-07-01,3.0219929538362322,-2.06339965983922
7,1920-08-01,5.602438055160644,-1.3196400490566669
8,1920-09-01,8.45493183523501,-0.9119215444367594
9,1920-10-01,10.664202286942869,-0.6201829527370949
10,1920-11-01,14.827765161353533,-0.5776042746643589
11,1920-12-01,19.78233772753233,-0.6698078245176535
12,1921-01-01,47.76067772886897,0.86843387827515
13,1921-02-01,41.139301260370345,0.5718482319289419
14,1921-03-01,46.654813671362376,0.6606818022102555
15,1921-04-01,19.694878270492346,-1.2255608922346037
16,1921-05-01,20.512553152264395,-0.8866170208728057
17,1921-06-01,7.043364769494424,-1.7663451740874827
18,1921-07-01,6.206314385058971,-1.2126212005975432
19,1921-08-01,9.141057710600311,-0.7050621600051333
20,1921-09-01,10.848391163832392,-0.5547829496670905
21,1921-10-01,13.303874362438645,-0.282482160277064
22,1921-11-01,49.39570341928831,1.9785067036152155
23,1921-12-01,62.52944971505299,1.889902985080555
24,1922-01-01,72.81754372174834,1.9237332243747596
25,1922-02-01,52.25357341942501,1.0634906974596277
26,1922-03-01,77.77170214834257,1.8628655478233185
27,1922-04-01,67.06921414011617,1.4051925325541088
28,1922-05-01,49.629205047556994,0.9103178379767825
29,1922-06-01,9.477844386612054,-1.3523101391138714
30,1922-07-01,4.472458080055539,-1.6196266481318309
31,1922-08-01,6.091890999790399,-1.2203689994750984
32,1922-09-01,16.7341197998308,0.1357019093602996
33,1922-10-01,16.80876080607655,0.10123539225087863
34,1922-11-01,25.015612587678937,0.4053369945041881
35,1922-12-01,14.134416228841628,-1.2539111968133516
36,1923-01-01,40.84318214224416,0.5155145519623925
37,1923-02-01,35.32636584421631,0.27923549804121195
38,1923-03-01,62.54014044956621,1.322828592801389
39,1923-04-01,47.83418762379095,0.569213008373389
40,1923-05-01,44.403693109324884,0.6538509925355865
41,1923-06-01,19.550764874280045,-0.18041355340685597
42,1923-07-01,10.581232447126842,-0.46371738481596825
43,1923-08-01,21.921350170041684,0.6495520237301716
44,1923-09-01,25.767353421642618,0.9291693789072195
45,1923-10-01,29.645846338977602,1.1679043119715353
46,1923-11-01,20.295165944426227,-0.007875545170358052
47,1923-12-01,39.84206591146594,0.7652818609034714
48,1924-01-01,33.838977118420104,0.1154174999710726
49,1924-02-01,37.831791547432445,0.4089797763968889
50,1924-03-01,19.659765226286822,-0.9520162458652874
51,1924-04-01,34.390349508177806,-0.1584158652488876
52,1924-05-01,28.021687006734844,-0.3101689177355655
53,1924-06-01,20.84423232428521,-0.06352419163704845
54,1924-07-01,7.039707347372598,-1.0460918498351088
55,1924-08-01,7.692682535641164,-0.931425724068255
56,1924-09-01,8.664719285035119,-0.877962916974679
57,1924-10-01,20.90510574063442,0.4867420478540776
58,1924-11-01,40.94045546145925,1.5050859761211668
59,1924-12-01,42.24961927637735,0.9016166420242141
60,1925-01-01,39.24812258303867,0.428656657400703
61,1925-02-01,18.080139071157777,-0.8480940236968227
62,1925-03-01,37.515060203791805,0.20999304712284292
63,1925-04-01,37.788621115014706,0.041297407481490876
64,1925-05-01,39.090055352781434,0.3719080754373443
65,1925-06-01,19.853234152480077,-0.1526215394992125
66,1925-07-01,10.311791809443962,-0.5027324063422735
67,1925-08-01,18.782888616245025,0.38114713928934785
68,1925-09-01,19.17377681441079,0.3733579120593078
69,1925-10-01,19.75076130484775,0.38359519216197646
70,1925-11-01,13.068578524852366,-0.7914968503274482
71,1925-12-01,10.260958548733388,-1.7598897803189275
72,1926-01-01,8.611703781642642,-2.18779388308063
73,1926-02-01,9.656958866944478,-1.7176847031825362
74,1926-03-01,9.934055569035863,-1.9600914209279117
75,1926-04-01,15.145992510077953,-1.6700213545923597
76,1926-05-01,10.319431438800187,-1.9838560450278484
77,1926-06-01,13.050618038657715,-0.8658373230564177
78,1926-07-01,8.151150719468447,-0.8446449497108144
79,1926-08-01,14.438154981332632,-0.04490739221366697
80,1926-09-01,14.599658264830616,-0.09207907782918416
81,1926-10-01,17.580369185622637,0.17828840570328686
82,1926-11-01,20.01734876998882,-0.034118656823681134
83,1926-12-01,19.115040429516625,-0.7321769622622791
84,1927-01-01,29.592312923775154,-0.1548692866227445
85,1927-02-01,21.50029409843735,-0.5787981696814728
86,1927-03-01,27.15885340721299,-0.40052651369155706
87,1927-04-01,30.84489221833383,-0.38154685691625784
88,1927-05-01,30.500621185643908,-0.14347662241717318
89,1927-06-01,23.405396587660707,0.1542424216264964
90,1927-07-01,10.2167994618891,-0.5166554511580846
91,1927-08-01,13.562858153608625,-0.14090785540778833
92,1927-09-01,19.859046346420243,0.43646739828618436
93,1927-10-01,15.63720774323783,-0.02043031378795359
94,1927-11-01,19.388167028166624,-0.09447263796718251
95,1927-12-01,20.650206267619332,-0.5908314417543484
96,1928-01-01,26.36560593771265,-0.3783422601300805
97,1928-02-01,23.324167202081515,-0.44723240646620027
98,1928-03-01,24.51764865926048,-0.5810995156622311
99,1928-04-01,20.828531687445327,-1.1264115739797034
100,1928-05-01,21.694193539935117,-0.7871642849990919
101,1928-06-01,12.927037006658892,-0.8809726042550609
102,1928-07-01,23.852016938095414,0.9490509781233876
103,1928-08-01,20.107420925682902,0.4977657004997684
104,1928-09-01,25.170100061819532,0.8829427461011493
105,1928-10-01,12.769097222222225,-0.34689502511498066
106,1928-11-01,19.30840398151186,-0.1022177773968709
107,1928-12-01,30.030414695884367,0.1456144961898569
108,1929-01-01,50.118299150323224,0.9810565607956185
109,1929-02-01,61.32811550682901,1.4169046502959775
110,1929-03-01,57.90455812706571,1.142066833556783
111,1929-04-01,48.628062117235345,0.6076761358745857
112,1929-05-01,31.722521162176776,-0.0646710972668405
113,1929-06-01,19.141799067922502,-0.2184584890153838
114,1929-07-01,8.174581882776806,-0.840613925131343
115,1929-08-01,9.587147214779577,-0.6404873952786885
116,1929-09-01,8.922118784631087,-0.8370829104241526
117,1929-10-01,7.819167409981956,-1.0576116792243948
118,1929-11-01,27.006516848290012,0.5640889898717719
119,1929-12-01,53.18580625216445,1.4647975207890127
120,1930-01-01,60.11814156368475,1.4241428414238992
121,1930-02-01,46.57869060312775,0.821984761095195
122,1930-03-01,38.07446500285556,0.2395473534726126
123,1930-04-01,54.53105064340917,0.8815531035466259
124,1930-05-01,49.56909310218602,0.9074699432881616
125,1930-06-01,41.49849656650992,1.3663058727456012
126,1930-07-01,22.440376715605865,0.8289532642345756
127,1930-08-01,32.1637908054462,1.382072708568609
128,1930-09-01,31.11694086741762,1.31548684279872
129,1930-10-01,28.83047337317428,1.110369277525394
130,1930-11-01,30.752045920746458,0.8431091005491399
131,1930-12-01,26.915096543650368,-0.0790707220802381
132,1931-01-01,25.15898759318497,-0.4666968275816072
133,1931-02-01,12.671981845639529,-1.359470618388538
134,1931-03-01,11.245992220536241,-1.7906025017908185
135,1931-04-01,30.109514169886758,-0.4299874038608805
136,1931-05-01,34.08828724968407,0.08228577339324279
137,1931-06-01,32.05337264835169,0.7896578327798796
138,1931-07-01,24.50616500764011,1.0031514968189619
139,1931-08-01,19.854857247390523,0.475928084119724
140,1931-09-01,27.289477066777252,1.0439401473203778
141,1931-10-01,21.9240910858365,0.5747223929153209
142,1931-11-01,23.81134344697799,0.3052236133580107
143,1931-12-01,27.396439472301214,-0.043253125461424624
144,1932-01-01,30.418636499647626,-0.10032163460163313
145,1932-02-01,58.51672715715224,1.3112028821991997
146,1932-03-01,52.83550290263197,0.933427501197041
147,1932-04-01,53.58998121111598,0.8392319066182142
148,1932-05-01,23.265505575908925,-0.6605855080877981
149,1932-06-01,18.62751981984241,-0.26709264862318716
150,1932-07-01,10.905821763056535,-0.4176178044613648
151,1932-08-01,8.462051832144036,-0.8077536044425156
152,1932-09-01,7.656563511972035,-1.0469124038757642
153,1932-10-01,4.168091680631129,-1.8361424015153442
154,1932-11-01,8.76580040413379,-1.4174057445875181
155,1932-12-01,14.919969334921738,-1.163822008676373
156,1933-01-01,25.830875551363377,-0.4171491208437192
157,1933-02-01,23.44310239486124,-0.4389030711076944
158,1933-03-01,30.947313565513518,-0.16140662122417232
159,1933-04-01,27.250848404691606,-0.626378191506224
160,1933-05-01,27.246422213716347,-0.36435007719012485
161,1933-06-01,12.922459043612392,-0.8815352261598517
162,1933-07-01,7.233738031959335,-1.009369606244237
163,1933-08-01,4.807794496201218,-1.4953027391816782
164,1933-09-01,6.29016774243281,-1.303491989720941
165,1933-10-01,5.570511215801807,-1.4934267218651325
166,1933-11-01,16.3605516548116,-0.4051179325572588
167,1933-12-01,16.896836073252352,-0.9510643608502347
168,1934-01-01,22.402413050148255,-0.6800673653935414
169,1934-02-01,24.27095484592205,-0.3817164206375228
170,1934-03-01,33.40521277613736,-0.016722701325958985
171,1934-04-01,48.221392708940904,0.5880249522943326
172,1934-05-01,47.9866484245893,0.8316792119503346
173,1934-06-01,38.10851059931528,1.1700990274446577
174,1934-07-01,21.72310665349775,0.7660498776455195
175,1934-08-01,10.040782187925302,-0.5769443796727692
176,1934-09-01,14.27463511098657,-0.12870064447598534
177,1934-10-01,15.219319068135153,-0.0653122881273007
178,1934-11-01,21.882144560488975,0.13758864901777154
179,1934-12-01,21.206379353947952,-0.5414154733806658
180,1935-01-01,25.22801647406922,-0.46156490045176624
181,1935-02-01,35.17481104792458,0.2711940277747216
182,1935-03-01,44.550303743499086,0.5624529458151667
183,1935-04-01,53.28304895590309,0.8253243348313652
184,1935-05-01,38.37133402215783,0.33186845166712114
185,1935-06-01,25.428705906119387,0.3152579535553534
186,1935-07-01,12.36865770739162,-0.2208198970948362
187,1935-08-01,10.223303233336075,-0.551943187462162
188,1935-09-01,12.926110117176115,-0.28701036432640903
189,1935-10-01,17.247661191195508,0.14534734670912103
190,1935-11-01,24.527005603249258,0.36511111627236803
191,1935-12-01,26.07022449830491,-0.14299759768001707
192,1936-01-01,21.196367855819247,-0.7791530732334957
193,1936-02-01,14.40283729995991,-1.181215575617384
194,1936-03-01,25.95368585654225,-0.4813502920331956
195,1936-04-01,49.89109908895938,0.6680306210188034
196,1936-05-01,61.341404996901446,1.4275490524353758
197,1936-06-01,48.48728218868476,1.7408153446041377
198,1936-07-01,25.83362904560976,1.110151584264404
199,1936-08-01,23.71107847358925,0.7914757742239187
200,1936-09-01,22.68767904120493,0.6827967119418304
201,1936-10-01,25.38657189064476,0.8551001976239846
202,1936-11-01,26.133059797104366,0.49542315849953145
203,1936-12-01,69.04075209457326,2.162995528859087
204,1937-01-01,89.14103890225529,2.491317245866778
205,1937-02-01,113.87148600782544,3.000578336274479
206,1937-03-01,88.57869572944008,2.206768397713774
207,1937-04-01,65.01603064319652,1.32402966747138
208,1937-05-01,38.85230268254229,0.3587173275666103
209,1937-06-01,21.110745149369357,-0.04005261304859859
210,1937-07-01,25.976944125473906,1.121490901966717
211,1937-08-01,32.56232646483427,1.4073288699517978
212,1937-09-01,30.449601087461733,1.2697378512241935
213,1937-10-01,27.26982928810332,0.99726952209589
214,1937-11-01,21.946513718391543,0.14333751301249859
215,1937-12-01,26.545887425421657,-0.106837769287704
216,1938-01-01,37.34885020611574,0.32213796707649833
217,1938-02-01,28.646344065932738,-0.09975729455259777
218,1938-03-01,43.22832604637529,0.499183134083628
219,1938-04-01,50.48901269882498,0.696253577419817
220,1938-05-01,59.47216735169389,1.3495258505259053
221,1938-06-01,41.61878785876593,1.3730771445761958
222,1938-07-01,17.950329807000045,0.4106470847303163
223,1938-08-01,9.506765094711477,-0.6519652253648115
224,1938-09-01,6.509890151670503,-1.2596824700849605
225,1938-10-01,9.341567899715669,-0.8117444211787551
226,1938-11-01,10.17311366895111,-1.192470723747026
227,1938-12-01,20.109513695228202,-0.6397589880732403
228,1939-01-01,39.089458232326,0.4198902920329054
229,1939-02-01,42.29987541162391,0.6269532044699702
230,1939-03-01,43.622570317816184,0.5181831578602262
231,1939-04-01,41.260889616445525,0.23328757364334235
232,1939-05-01,35.08310654147834,0.1420418738325523
233,1939-06-01,25.486937491646025,0.3197638303290553
234,1939-07-01,11.454677987842675,-0.3417716209486299
235,1939-08-01,12.377343958849773,-0.27790767715362313
236,1939-09-01,12.569376805601134,-0.33076314878238383
237,1939-10-01,9.509373224777036,-0.7864268634295685
238,1939-11-01,16.829042372578876,-0.35462225960321364
239,1939-12-01,17.434802088269794,-0.8962183385209493
240,1940-01-01,15.283731894624296,-1.332348830372351
241,1940-02-01,11.960851966529368,-1.4378281905165138
242,1940-03-01,19.78066194552288,-0.9420478527923634
243,1940-04-01,21.99969707291364,-1.027895711750483
244,1940-05-01,18.645564913923533,-1.0522578043466886
245,1940-06-01,10.679192953257155,-1.1760451462393489
246,1940-07-01,10.907845469782869,-0.4173333766523163
247,1940-08-01,33.91787628651455,1.4918033423684638
248,1940-09-01,34.61726619838754,1.5458117848495578
249,1940-10-01,36.31259512157336,1.6044504464123837
250,1940-11-01,21.097482714834268,0.06658269195427904
251,1940-12-01,24.353383574991504,-0.27735164790263206
252,1941-01-01,33.490001982174114,0.09409545780258598
253,1941-02-01,29.70705972951299,-0.035871644567826315
254,1941-03-01,32.95439252819094,-0.04270931549467396
255,1941-04-01,21.893782713467253,-1.0366513165151703
256,1941-05-01,30.238913210392983,-0.1606312803839568
257,1941-06-01,40.25137109868646,1.2953566076243859
258,1941-07-01,40.46974488432003,2.1096189144528514
259,1941-08-01,32.54774590350687,1.4064083123557305
260,1941-09-01,19.813871668276718,0.43235173187167364
261,1941-10-01,35.944571937730885,1.5817401255535306
262,1941-11-01,36.016065008475515,1.2002013284616302
263,1941-12-01,41.00849562858463,0.8319838198540889
264,1942-01-01,23.558447982359425,-0.5884987176275164
265,1942-02-01,26.848714596168115,-0.21178538859094087
266,1942-03-01,98.46440483323919,2.4992407338620946
267,1942-04-01,112.69399105059787,2.907597967506244
268,1942-05-01,106.67464805017865,2.985874687748774
269,1942-06-01,25.469612454584684,0.3184239576168689
270,1942-07-01,11.958591167857506,-0.274302591210844
271,1942-08-01,11.49967419437155,-0.38524401367304556
272,1942-09-01,13.661200403877482,-0.19939144299741723
273,1942-10-01,14.912652384380786,-0.09878168566707723
274,1942-11-01,13.736866197931871,-0.7080150485412708
275,1942-12-01,15.054892837288584,-1.1486890413059867
276,1943-01-01,15.372207298957438,-1.3230364982528378
277,1943-02-01,25.36482398521801,-0.30816970180190967
278,1943-03-01,34.60128349570455,0.05109888381679895
279,1943-04-01,44.01700682596969,0.37815681346656105
280,1943-05-01,38.94762503645379,0.364012299939525
281,1943-06-01,26.49657775932307,0.3968271671583337
282,1943-07-01,19.636406092413374,0.5749903983366866
283,1943-08-01,16.22104321785082,0.13909848541199316
284,1943-09-01,15.751460904084052,0.03342567561904405
285,1943-10-01,8.365978153080812,-0.9656795408060355
286,1943-11-01,6.246571481963748,-1.8961446527914518
287,1943-12-01,9.51914377435949,-1.8721247842766482
288,1944-01-01,11.446125352766247,-1.7800391513560077
289,1944-02-01,17.0258754412426,-0.9382670161026405
290,1944-03-01,17.54956716836178,-1.1334218288490177
291,1944-04-01,26.334265657656523,-0.6923368317449003
292,1944-05-01,20.992617350782552,-0.8457428959644597
293,1944-06-01,17.252507810981108,-0.40178780478444204
294,1944-07-01,8.622191065635038,-0.765126688847471
295,1944-08-01,9.453462482228797,-0.6596139139896988
296,1944-09-01,8.623191527193011,-0.8846384873889286
297,1944-10-01,16.969708976400746,0.11750018164496803
298,1944-11-01,17.09685671140609,-0.32618664057330654
299,1944-12-01,22.199655056138827,-0.4553339621395112
300,1945-01-01,13.463060837555908,-1.5331795974736138
301,1945-02-01,12.473710561570442,-1.3809902553943643
302,1945-03-01,26.77435197716172,-0.4260408725766293
303,1945-04-01,31.909957178204298,-0.31276530975947414
304,1945-05-01,33.259217774102034,0.03158790655387934
305,1945-06-01,14.65818556263368,-0.677516628753812
306,1945-07-01,7.800351173754662,-0.9059988399576224
307,1945-08-01,6.798414851667319,-1.086820574573323
308,1945-09-01,6.466535729732475,-1.2682408948398027
309,1945-10-01,10.526847969144931,-0.6392747271857809
310,1945-11-01,12.99718275911042,-0.80059008941452
311,1945-12-01,24.316256732556884,-0.2803270175029656
312,1946-01-01,32.362731120741,0.024187084095250985
313,1946-02-01,38.696576230922545,0.4524406558331166
314,1946-03-01,37.23173817682514,0.19491262039722076
315,1946-04-01,34.662803515662986,-0.14192628052367257
316,1946-05-01,25.295640365646584,-0.5055088569216024
317,1946-06-01,13.955795452733135,-0.7579294481805191
318,1946-07-01,8.007842996811828,-0.8694789853916285
319,1946-08-01,5.531699988171523,-1.334505415249893
320,1946-09-01,7.060343661808456,-1.1544413854076487
321,1946-10-01,7.075209018265635,-1.1903896639461844
322,1946-11-01,15.705013191710428,-0.47746495251534204
323,1946-12-01,49.074690655530055,1.2626722153584773
324,1947-01-01,51.47032890419949,1.0441028189049364
325,1947-02-01,48.87622499878489,0.9219324025293137
326,1947-03-01,30.497476335423364,-0.18871947874019607
327,1947-04-01,33.38010428817927,-0.22034044242638728
328,1947-05-01,35.54110410135367,0.1691724543747194
329,1947-06-01,19.429874325605148,-0.19160297243285507
330,1947-07-01,12.419773449271547,-0.21423839903897884
331,1947-08-01,8.854154088215118,-0.7477731568406486
332,1947-09-01,11.032862699888225,-0.52964313303413
333,1947-10-01,14.642603709095841,-0.12864282268093277
334,1947-11-01,13.775702523132976,-0.7032513476633502
335,1947-12-01,32.87988300236344,0.33786565516224454
336,1948-01-01,45.77511313961191,0.7707516540297018
337,1948-02-01,50.24339161380871,0.979972370966683
338,1948-03-01,55.88326361548559,1.0603392279057051
339,1948-04-01,50.77602211073444,0.7097235331109534
340,1948-05-01,46.11053345165624,0.7396876277427257
341,1948-06-01,18.88294984245135,-0.24282463758138004
342,1948-07-01,8.845317725990647,-0.728523634519135
343,1948-08-01,5.80001645641193,-1.2788340229468025
344,1948-09-01,10.984340729652732,-0.536227269488163
345,1948-10-01,20.110585711562546,0.41616449707644176
346,1948-11-01,30.995615768840544,0.8604684393423586
347,1948-12-01,43.304072532383124,0.9597415308959931
348,1949-01-01,36.37720042210437,0.26625221951253514
349,1949-02-01,26.862935603644182,-0.21087944787296192
350,1949-03-01,18.438987105235995,-1.055179036234733
351,1949-04-01,18.41743570844879,-1.3422505631770403
352,1949-05-01,18.217130275165278,-1.0918998936984867
353,1949-06-01,9.556454012991233,-1.3403008858704815
354,1949-07-01,6.279699266785463,-1.197333151891944
355,1949-08-01,5.543699890296934,-1.3319739143370084
356,1949-09-01,6.068579569101189,-1.3488137503001347
357,1949-10-01,6.874622171794516,-1.2278991786233475
358,1949-11-01,24.00561122351027,0.3215968060467998
359,1949-12-01,30.90922553951591,0.20615510969451323
360,1950-01-01,32.50170639748592,0.03289303367569864
361,1950-02-01,16.469334969196577,-0.9874676489361937
362,1950-03-01,27.428993928927305,-0.38274834847369876
363,1950-04-01,53.5521124773683,0.8375188225554006
364,1950-05-01,55.62249332819944,1.1837565534375343
365,1950-06-01,37.25960561760293,1.1192316084395864
366,1950-07-01,12.771010333506503,-0.16950589742150782
367,1950-08-01,15.273702596799982,0.043125344466213286
368,1950-09-01,15.349058438821464,-0.009695508620236944
369,1950-10-01,11.201215306257305,-0.5471422777198494
370,1950-11-01,16.34631035568255,-0.4066683210366963
371,1950-12-01,43.30617479509942,0.9598564942009992
372,1951-01-01,47.74606299212601,0.8677246217150816
373,1951-02-01,48.46668675421651,0.9043427088279642
374,1951-03-01,29.91762870461507,-0.22433215072842058
375,1951-04-01,26.864718895815127,-0.6539752155094788
376,1951-05-01,14.469736684593586,-1.4704999488276174
377,1951-06-01,7.449410713783946,-1.6906949862587064
378,1951-07-01,9.848968692756193,-0.5714311993371031
379,1951-08-01,15.206958010185808,0.03621433561257673
380,1951-09-01,14.429904941081599,-0.11113607246754992
381,1951-10-01,14.632498703232859,-0.1297674244269966
382,1951-11-01,20.59586047430922,0.020257803568448297
383,1951-12-01,24.876577385292133,-0.2357463363681097
384,1952-01-01,26.781974044151617,-0.3484957853211478
385,1952-02-01,23.19199663030404,-0.4565230127693425
386,1952-03-01,36.95064158646838,0.17987488107148175
387,1952-04-01,35.65834618708688,-0.08240650017709615
388,1952-05-01,37.65994616612595,0.2917450806405388
389,1952-06-01,19.523613218595084,-0.1829225682742255
390,1952-07-01,18.309312762770986,0.4464627333783004
391,1952-08-01,10.711138185634796,-0.48661219015281515
392,1952-09-01,10.556159558559969,-0.5952233648291032
393,1952-10-01,18.395569850372453,0.25727886340792716
394,1952-11-01,27.538320371357678,0.6051846368786598
395,1952-12-01,30.210682418495445,0.1581283782635347
396,1953-01-01,16.902823534861977,-1.167660551103085
397,1953-02-01,10.874408860242312,-1.5643627129781281
398,1953-03-01,20.802502361900963,-0.8594555915352526
399,1953-04-01,23.57264739287148,-0.901206292108954
400,1953-05-01,24.183503517409736,-0.5893529981512867
401,1953-06-01,11.012129495775936,-1.1297228146711857
402,1953-07-01,9.239005578946745,-0.6654889615055494
403,1953-08-01,7.3632347334621535,-0.9870877291973462
404,1953-09-01,6.86328607965076,-1.1914132833236049
405,1953-10-01,7.17584007206078,-1.171859980059116
406,1953-11-01,9.776644257561896,-1.2534597637431846
407,1953-12-01,13.610444927836728,-1.3159985225203368
408,1954-01-01,18.222999428131395,-1.0414708048888885
409,1954-02-01,14.228146815306957,-1.198483531468728
410,1954-03-01,24.03845000060758,-0.6152807589981576
411,1954-04-01,25.353889276210282,-0.7646656114261148
412,1954-05-01,35.3772657351208,0.1594940388246215
413,1954-06-01,23.152436213485487,0.13346761332666565
414,1954-07-01,21.529721979197063,0.7488601977357242
415,1954-08-01,17.473866249574723,0.26041964121342037
416,1954-09-01,18.371334734145663,0.2975307297328043
417,1954-10-01,14.367048994635235,-0.15950046541163101
418,1954-11-01,5.488039648798257,-2.068048843786479
419,1954-12-01,47.97669839474277,1.2068692416707039
420,1955-01-01,55.60775280694081,1.2306494151954954
421,1955-02-01,85.91191305622388,2.2328773948333236
422,1955-03-01,53.774970836978724,0.9730404309640287
423,1955-04-01,52.240224122375345,0.7776790600890338
424,1955-05-01,25.791041731220243,-0.46897461297272236
425,1955-06-01,14.579653542927375,-0.6863723642445823
426,1955-07-01,8.46389315132268,-0.7915004642798544
427,1955-08-01,7.885888856991849,-0.8995700515138959
428,1955-09-01,7.977012618702625,-0.9915783518879877
429,1955-10-01,8.264984638150715,-0.9823296674286695
430,1955-11-01,10.832122004714703,-1.094736595471853
431,1955-12-01,10.76306179636618,-1.6872414926896402
432,1956-01-01,13.315616940297843,-1.5502804812024313
433,1956-02-01,34.26789780753319,0.22258543264290143
434,1956-03-01,38.627708496615895,0.26849343038008183
435,1956-04-01,44.846205408677235,0.4205618646610798
436,1956-05-01,24.20234152859801,-0.5879109362515422
437,1956-06-01,23.82286815656291,0.18820258623837013
438,1956-07-01,15.368550529491124,0.13791266109435069
439,1956-08-01,27.681306275517663,1.0832454664428406
440,1956-09-01,22.398148361744518,0.6585412656780463
441,1956-10-01,28.197512755973882,1.0649838422156737
442,1956-11-01,13.577531985341043,-0.7276577187178291
443,1956-12-01,16.74724755000245,-0.9665318700923906
444,1957-01-01,12.037219068590836,-1.7046214136635465
445,1957-02-01,17.31583699200145,-0.9130824156758472
446,1957-03-01,19.68021944983658,-0.9503266941320445
447,1957-04-01,30.90386379653934,-0.37769656118155254
448,1957-05-01,25.496404556418312,-0.4906445249779618
449,1957-06-01,20.583632914076947,-0.08667151611406389
450,1957-07-01,10.07388807912142,-0.5377720187592465
451,1957-08-01,25.27081441819015,0.9095981579335388
452,1957-09-01,26.207391325975763,0.9627873976691719
453,1957-10-01,36.3446260298192,1.6064201930204511
454,1957-11-01,23.062627967944998,0.2412781301082155
455,1957-12-01,51.3535087899169,1.3759893405738932
456,1958-01-01,44.649412448660954,0.7141413610906697
457,1958-02-01,48.690051574499385,0.9139480958245938
458,1958-03-01,32.35771255589581,-0.0774745067952057
459,1958-04-01,27.794594218203212,-0.5879691079059413
460,1958-05-01,26.781602623836534,-0.3973408479409303
461,1958-06-01,15.502514598598372,-0.5843218477086555
462,1958-07-01,30.19507706935941,1.4388005182240107
463,1958-08-01,39.726560601365826,1.8316426667416197
464,1958-09-01,40.33474249963549,1.892445474171208
465,1958-10-01,40.04950308945759,1.8273010753298484
466,1958-11-01,30.02427024095948,0.7907023136970782
467,1958-12-01,40.35054862933802,0.7945134543239896
468,1959-01-01,31.65874271683923,-0.020303368641399446
469,1959-02-01,40.568926686898536,0.544392504027134
470,1959-03-01,31.07278812913145,-0.15383615873652845
471,1959-04-01,36.37006677876205,-0.040538052293466555
472,1959-05-01,25.33849562478737,-0.5023291293592708
473,1959-06-01,21.135929820024685,-0.03784496753028512
474,1959-07-01,10.188649005951097,-0.5207986879766329
475,1959-08-01,12.723816932551419,-0.23697394675955863
476,1959-09-01,14.689088207507067,-0.08209972540096253
477,1959-10-01,12.748443404752376,-0.3494195333121275
478,1959-11-01,16.796547960259325,-0.35809337939220726
479,1959-12-01,36.52678146948213,0.5684503076691038
480,1960-01-01,41.954942467586534,0.5747428425977789
481,1960-02-01,57.435023516483206,1.2696739786518185
482,1960-03-01,53.417179392832,0.9580071833510629
483,1960-04-01,63.150707507047755,1.2488591077423479
484,1960-05-01,39.6108659025044,0.40061885416891146
485,1960-06-01,24.032067267090767,0.20507122110426199
486,1960-07-01,10.414463776337872,-0.4877832683358977
487,1960-08-01,8.18439165102194,-0.8514278764815134
488,1960-09-01,11.725665300409517,-0.4377486571738368
489,1960-10-01,10.291303647807931,-0.6724232830713187
490,1960-11-01,18.753821475983056,-0.15667575918379836
491,1960-12-01,17.46563234771437,-0.8931112344389314
492,1961-01-01,18.63659766460401,-1.0032669541094157
493,1961-02-01,22.048603753903613,-0.5384605916922798
494,1961-03-01,19.219193924408557,-0.9887122100856458
495,1961-04-01,38.7642581495076,0.09639326714239989
496,1961-05-01,27.17423246288552,-0.3694484491987402
497,1961-06-01,27.035871987627,0.4371968695188309
498,1961-07-01,8.017645051855517,-0.8677704082830888
499,1961-08-01,5.881837385208595,-1.262232361388124
500,1961-09-01,6.01340264867067,-1.3602859582998525
501,1961-10-01,11.523170979224403,-0.5045117485762434
502,1961-11-01,31.866253348241425,0.9218060863826062
503,1961-12-01,41.46732146762906,0.8578834502091102
504,1962-01-01,34.79596493716282,0.17314474444973768
505,1962-02-01,19.76590386189792,-0.7112925888116411
506,1962-03-01,19.21834535358646,-0.9887834577857146
507,1962-04-01,18.372565642429482,-1.3464523868939215
508,1962-05-01,15.229083150494876,-1.3885647380171733
509,1962-06-01,4.801281735907975,-2.2553335022654872
510,1962-07-01,4.382678640355791,-1.6436733464660933
511,1962-08-01,2.2395062309851963,-2.2791239157741066
512,1962-09-01,3.660126014250407,-1.9442769580656334
513,1962-10-01,3.8288041770522137,-1.9317961190895558
514,1962-11-01,5.184819460772717,-2.1417483762251277
515,1962-12-01,7.7954673526052485,-2.160265214135775
516,1963-01-01,14.799430419233639,-1.3840175230724596
517,1963-02-01,15.993139475187148,-1.0305092338858852
518,1963-03-01,18.993523568885507,-1.0077385769879605
519,1963-04-01,26.659903731651617,-0.6687246666524214
520,1963-05-01,33.84296282626132,0.06737095987149869
521,1963-06-01,28.866758408671156,0.570418403354345
522,1963-07-01,21.786886285481692,0.7716973473715921
523,1963-08-01,13.128971468084735,-0.19006303346601616
524,1963-09-01,17.27187625309859,0.18997653862887132
525,1963-10-01,10.929149806795003,-0.583834749671595
526,1963-11-01,14.844684128025682,-0.5756348286375729
527,1963-12-01,11.270542984698546,-1.6162751883232862
528,1964-01-01,15.323624335098321,-1.3281452660638946
529,1964-02-01,27.311889731502767,-0.1824451585174273
530,1964-03-01,38.83598487092327,0.2793192021431276
531,1964-04-01,37.652873753736536,0.033556326544324964
532,1964-05-01,33.07877157987632,0.020441597724494203
533,1964-06-01,20.385465698894862,-0.10440617091389816
534,1964-07-01,18.221028645833353,0.4376979037662006
535,1964-08-01,8.8417795024971,-0.7496371498925043
536,1964-09-01,12.147635564380426,-0.38360224865050446
537,1964-10-01,22.002709256069572,0.581397936269096
538,1964-11-01,33.85679105378757,1.0580830583015393
539,1964-12-01,39.246124507874036,0.730711380650158
540,1965-01-01,40.02955508925102,0.47149391274258684
541,1965-02-01,36.204700486657934,0.3253944841250683
542,1965-03-01,41.981509581267645,0.43833316547635914
543,1965-04-01,39.51920411532762,0.13839330206037695
544,1965-05-01,31.985831347361984,-0.04795808384530463
545,1965-06-01,17.89213156623653,-0.3382518419611655
546,1965-07-01,8.22241690342637,-0.8324097902994183
547,1965-08-01,4.916068620627083,-1.470164780686585
548,1965-09-01,3.7118707973732192,-1.9287535364486112
549,1965-10-01,8.548079066342854,-0.9360153549302841
550,1965-11-01,19.47620717060977,-0.08594870960983303
551,1965-12-01,34.13926225530404,0.4193173273181309
552,1966-01-01,35.82567804024499,0.23408855357888067
553,1966-02-01,33.1618002773525,0.16212676663156508
554,1966-03-01,25.86769196710656,-0.4872150801205863
555,1966-04-01,32.06060193539177,-0.3031633799081986
556,1966-05-01,26.305473582024053,-0.4315423541572325
557,1966-06-01,20.676037660548523,-0.07844130243047556
558,1966-07-01,10.787956450647679,-0.4342466828158001
559,1966-08-01,12.690112378259592,-0.24092218301931134
560,1966-09-01,15.17312933268326,-0.02878751220137822
561,1966-10-01,17.729042211194972,0.19287379342841468
562,1966-11-01,16.311487268518533,-0.41046326031663993
563,1966-12-01,28.475862378639317,0.03555755323367412
564,1967-01-01,37.47652481211118,0.3294093897303604
565,1967-02-01,39.81849531720863,0.5078807167700939
566,1967-03-01,35.63571399278217,0.10849792782227105
567,1967-04-01,35.05108655037913,-0.11857690627065587
568,1967-05-01,33.17025821804828,0.026097885245850914
569,1967-06-01,24.042636963673825,0.205920900304829
570,1967-07-01,15.41818794731823,0.14343361313125075
571,1967-08-01,22.57071178277196,0.701888143561031
572,1967-09-01,19.622774729520586,0.41487291163726187
573,1967-10-01,15.090026469808693,-0.07936703182862224
574,1967-11-01,34.91710076564324,1.1285750096753955
575,1967-12-01,42.4876149717939,0.9148171363960373
576,1968-01-01,46.024253343115106,0.7831577204925141
577,1968-02-01,18.66765386151819,-0.799439368783427
578,1968-03-01,35.31545759742273,0.09084799343644712
579,1968-04-01,50.16971558839434,0.6812093508083397
580,1968-05-01,57.03970746603724,1.2456124640218111
581,1968-06-01,36.31380122894795,1.061674117604338
582,1968-07-01,19.06465091521764,0.5203389864890959
583,1968-08-01,11.42050043630615,-0.39520070920028594
584,1968-09-01,8.41687122076864,-0.918146294080752
585,1968-10-01,7.568472699728734,-1.1013006309513544
586,1968-11-01,6.682386527177821,-1.8042823484749975
587,1968-12-01,26.039012376057173,-0.1453858619831708
588,1969-01-01,35.15997156035836,0.1948241410686576
589,1969-02-01,69.31696160050308,1.701476935127071
590,1969-03-01,69.42686593971763,1.5762447222058804
591,1969-04-01,83.20801018579276,1.9941491668553213
592,1969-05-01,51.46662894080515,0.9963122628845837
593,1969-06-01,34.885914868280366,0.9729226857019877
594,1969-07-01,15.337106299212614,0.13440908091379808
595,1969-08-01,23.566608549473866,0.7802831390387894
596,1969-09-01,21.557886556226926,0.5869675990108084
597,1969-10-01,16.660515981848313,0.08616171917557766
598,1969-11-01,7.836251379832419,-1.580676932259027
599,1969-12-01,13.304212259993667,-1.353077720503936
600,1970-01-01,20.55438742086494,-0.8335023033107215
601,1970-02-01,23.76571641923667,-0.416454963176184
602,1970-03-01,20.798672816722576,-0.8597597547040721
603,1970-04-01,36.65145006288278,-0.02413705304965523
604,1970-05-01,37.34862426864613,0.2740278282120075
605,1970-06-01,34.63579947878696,0.9571367666327254
606,1970-07-01,17.143953638010977,0.32843309719968383
607,1970-08-01,25.147822674780684,0.9004576456126796
608,1970-09-01,25.304122513928398,0.8933770298347633
609,1970-10-01,23.15676723542154,0.6776433707473956
610,1970-11-01,16.940313253757793,-0.3427706444980797
611,1970-12-01,47.42053693754862,1.1782908166231798
612,1971-01-01,53.72014017996016,1.1466888102507293
613,1971-02-01,46.415117333694845,0.8147482850056017
614,1971-03-01,27.640925886054625,-0.3688845915906512
615,1971-04-01,25.82107836156984,-0.7299611387722696
616,1971-05-01,24.039852557289404,-0.6003751081200822
617,1971-06-01,10.29425878293942,-1.2309043020730475
618,1971-07-01,5.649779460584749,-1.3330409754589134
619,1971-08-01,6.579698273562445,-1.127044026960617
620,1971-09-01,6.973278408693937,-1.1706836925515136
621,1971-10-01,4.31963891205224,-1.795300334480623
622,1971-11-01,8.157046334648722,-1.5228182338110536
623,1971-12-01,15.076101411938321,-1.1463190309719493
624,1972-01-01,19.404868838552314,-0.9338540319017707
625,1972-02-01,21.117971351128865,-0.6073482313476594
626,1972-03-01,17.22222174756369,-1.1629265647005582
627,1972-04-01,24.201333828497145,-0.8522202818407157
628,1972-05-01,18.434245859648414,-1.0717295376738092
629,1972-06-01,17.12032216879467,-0.4151186301051731
630,1972-07-01,9.2777919463355,-0.6593811471060504
631,1972-08-01,18.780412797250186,0.38092414987217776
632,1972-09-01,18.334242304455884,0.2939729973993912
633,1972-10-01,17.305951041059117,0.15114906655762306
634,1972-11-01,20.287095325106947,-0.008634491212423843
635,1972-12-01,24.33463646091549,-0.2788536684306448
636,1973-01-01,26.620460555494812,-0.3600357042940134
637,1973-02-01,22.17079486700449,-0.5295661293907178
638,1973-03-01,38.87041945006442,0.2811053230013152
639,1973-04-01,38.65511575592983,0.09027623391994205
640,1973-05-01,33.184321876215144,0.02696646194582831
641,1973-06-01,11.385756617119924,-1.0789104934773635
642,1973-07-01,6.757580985292435,-1.100800612054636
643,1973-08-01,3.700720356054683,-1.780237741471033
644,1973-09-01,4.450402951882548,-1.7231646909820195
645,1973-10-01,6.420535086380276,-1.3158336581358663
646,1973-11-01,30.80535648375986,0.846916173578844
647,1973-12-01,36.235808896012585,0.5506249739333486
648,1974-01-01,41.00845907987632,0.5243860589921008
649,1974-02-01,18.81709963120931,-0.7872349237105914
650,1974-03-01,21.49028307496721,-0.8054518005085058
651,1974-04-01,27.156154973358383,-0.633120952711244
652,1974-05-01,26.714914521589765,-0.40210605633020036
653,1974-06-01,17.843274843058914,-0.34304961746859824
654,1974-07-01,5.579596655100201,-1.3488300010615708
655,1974-08-01,3.21996018943814,-1.9243868312507768
656,1974-09-01,3.612097451577248,-1.9588347016973813
657,1974-10-01,7.240993306555011,-1.1599625560363809
658,1974-11-01,14.322422191122609,-0.6371584712204211
659,1974-12-01,28.318432852143495,0.024189713090440393
660,1975-01-01,53.094853486196186,1.1184591359175584
661,1975-02-01,57.40577837926511,1.2685443083436763
662,1975-03-01,52.899407132485194,0.9361364051903668
663,1975-04-01,26.53637787870919,-0.6776580207709784
664,1975-05-01,15.071490104128708,-1.405324496347253
665,1975-06-01,4.359789210783346,-2.3712829007997103
666,1975-07-01,2.2114258761817243,-2.388208915985118
667,1975-08-01,4.59164068860426,-1.546768728090885
668,1975-09-01,5.540823815480111,-1.461834707975292
669,1975-10-01,7.732469839246454,-1.0726056654428435
670,1975-11-01,8.231014631065012,-1.509712262541551
671,1975-12-01,9.3350368354021,-1.9009669659713218
672,1976-01-01,18.071181789667797,-1.0556472017860299
673,1976-02-01,28.405036915144734,-0.11451338911450953
674,1976-03-01,46.908523234725884,0.672326515560218
675,1976-04-01,46.855820946643846,0.5212301567715022
676,1976-05-01,36.19637450103895,0.20758659202980392
677,1976-06-01,16.417866200020367,-0.4871722687128178
678,1976-07-01,7.003656555869984,-1.0529942208090814
679,1976-08-01,9.14796452648824,-0.7040456579210467
680,1976-09-01,11.00387197965273,-0.5335745762472389
681,1976-10-01,14.474694433812108,-0.1473984959689551
682,1976-11-01,26.647851676418064,0.536072120475279
683,1976-12-01,30.374657486390603,0.16946805919850935
684,1977-01-01,26.563200358689986,-0.3641383319451498
685,1977-02-01,14.810104540697619,-1.1415321425550538
686,1977-03-01,27.506781684027793,-0.3776512984184986
687,1977-04-01,52.362011538379775,0.7832751293740668
688,1977-05-01,50.297733372521165,0.9418408198207363
689,1977-06-01,32.02832906995026,0.7879915583876531
690,1977-07-01,10.794257186900051,-0.4333545904124126
691,1977-08-01,18.622338328450066,0.3666464216391185
692,1977-09-01,19.06244956752912,0.3629651853461964
693,1977-10-01,17.9297248793608,0.21243265244713677
694,1977-11-01,8.874799717825002,-1.3990937098600178
695,1977-12-01,16.3801145882698,-1.0049086616357794
696,1978-01-01,25.770271385076448,-0.4215818648203397
697,1978-02-01,26.381250446179056,-0.24174843610067484
698,1978-03-01,31.549010916007482,-0.1252902128824602
699,1978-04-01,23.419156583020463,-0.9133039505179769
700,1978-05-01,24.142344687925316,-0.5925064278842864
701,1978-06-01,17.934690875771626,-0.3340797679945517
702,1978-07-01,18.9542142464397,0.509659310376704
703,1978-08-01,23.29483093042191,0.7591062865576806
704,1978-09-01,17.574157091854424,0.2199910233756934
705,1978-10-01,15.511040415466748,-0.0338946500654968
706,1978-11-01,24.071739940656308,0.32715019330993744
707,1978-12-01,36.42114288665307,0.5619895761320397
708,1979-01-01,94.94690469463889,2.6775388833337184
709,1979-02-01,92.6098454815544,2.429264113393843
710,1979-03-01,83.49229885489576,2.048368072796622
711,1979-04-01,29.581509220527135,-0.46526849731052816
712,1979-05-01,18.109799771936075,-1.1019337195278451
713,1979-06-01,19.502414730439526,-0.1848831117404714
714,1979-07-01,14.23802564637104,0.00879453281000902
715,1979-08-01,14.296316326887105,-0.06019080686370999
716,1979-09-01,8.378315003444136,-0.9244724892697233
717,1979-10-01,6.125196306909675,-1.3754785986639182
718,1979-11-01,34.70525288241152,1.1146019434791756
719,1979-12-01,44.49473594175296,1.0242845161723648
720,1980-01-01,46.90386113845146,0.8266119346906265
721,1980-02-01,24.53492100922282,-0.3637639990159907
722,1980-03-01,75.70880951079033,1.793883378523979
723,1980-04-01,104.0311791809444,2.656354610055075
724,1980-05-01,99.83327523512688,2.781400131994638
725,1980-06-01,41.6147563463747,1.372850409880102
726,1980-07-01,12.142538206215997,-0.2501589799116761
727,1980-08-01,9.976652020602481,-0.5858039867353008
728,1980-09-01,12.417504581404343,-0.34964859283377525
729,1980-10-01,15.792399492001454,-0.003968681922681672
730,1980-11-01,18.680507615042064,-0.16395609295795552
731,1980-12-01,16.05855881513077,-1.039020664804393
732,1981-01-01,10.0116644965278,-1.9757149877913425
733,1981-02-01,11.964321957856416,-1.4374377352411023
734,1981-03-01,13.554081598361421,-1.524751547796671
735,1981-04-01,17.23761017774256,-1.4552543175495727
736,1981-05-01,15.6625013480303,-1.3431023207333166
737,1981-06-01,11.068744572279506,-1.1219453490348374
738,1981-07-01,7.098161132432795,-1.034953631516948
739,1981-08-01,8.547624996107821,-0.7944983661073625
740,1981-09-01,12.775658308689081,-0.3053608850157615
741,1981-10-01,17.35663413167106,0.1561830563539163
742,1981-11-01,25.73119250935649,0.46332325591978163
743,1981-12-01,36.77081577096702,0.5833284146008404
744,1982-01-01,62.624423194930515,1.5276839298494567
745,1982-02-01,56.19057559753818,1.2212757835464942
746,1982-03-01,72.05198688271606,1.6686414423170117
747,1982-04-01,63.84479121099449,1.2769940267332625
748,1982-05-01,59.68285878870178,1.358397734228012
749,1982-06-01,30.91476456746078,0.713026995578192
750,1982-07-01,25.680569937709635,1.0979967625636018
751,1982-08-01,36.77304500484534,1.663036321032826
752,1982-09-01,38.91319425458105,1.8092845523598973
753,1982-10-01,25.447438780438926,0.8597997310359434
754,1982-11-01,14.525360436716266,-0.6130704556315557
755,1982-12-01,17.84373917778509,-0.8553131126069722
756,1983-01-01,16.278101684772064,-1.2298177223596896
757,1983-02-01,14.39067203866229,-1.1824132221456285
758,1983-03-01,11.159053285928255,-1.8013690950001509
759,1983-04-01,24.206494078919413,-0.8518218907941824
760,1983-05-01,32.27868950191992,-0.029477960249277384
761,1983-06-01,31.349399196194252,0.7424923045881638
762,1983-07-01,19.97163060780599,0.6065492736074083
763,1983-08-01,13.601718093072591,-0.13655792510668233
764,1983-09-01,17.809668661751502,0.24313811266533347
765,1983-10-01,27.39792515356156,1.006706769602615
766,1983-11-01,23.73620962649311,0.2988674617912883
767,1983-12-01,19.23742532197041,-0.7206265355474928
768,1984-01-01,15.10845413868082,-1.3509117024826451
769,1984-02-01,23.468101236694395,-0.43715603795361435
770,1984-03-01,24.88200130853871,-0.5554177398267011
771,1984-04-01,27.53035204095584,-0.6065694188868506
772,1984-05-01,22.440689515590087,-0.7262637849148295
773,1984-06-01,18.51489817909591,-0.27786464816669626
774,1984-07-01,11.315896727779926,-0.36070955315758957
775,1984-08-01,9.563077398392714,-0.6439172479951516
776,1984-09-01,9.089272047509924,-0.8109798230978423
777,1984-10-01,4.589507988408479,-1.72514988706466
778,1984-11-01,8.52270031967306,-1.4588463987802058
779,1984-12-01,17.80556470459912,-0.8591037750668973
780,1985-01-01,20.101522581216,-0.8725569920215402
781,1985-02-01,21.111639168747594,-0.6078240958973675
782,1985-03-01,42.6083002306461,0.4690698546730693
783,1985-04-01,47.55228601253405,0.5554541356106606
784,1985-05-01,50.413457025554116,0.9472699189993232
785,1985-06-01,20.167959707754655,-0.12400613767501811
786,1985-07-01,15.785580428612896,0.18393211170187918
787,1985-08-01,12.027459970145898,-0.32004961921217323
788,1985-09-01,17.607520841307622,0.22328266972734462
789,1985-10-01,19.068354913209657,0.320732884933353
790,1985-11-01,20.36004037635489,-0.001782233154152608
791,1985-12-01,20.286943909029624,-0.6236042693030982
792,1986-01-01,21.766487359652984,-0.7318390513649431
793,1986-02-01,16.29554989572703,-1.003071905056421
794,1986-03-01,30.272413424179202,-0.20248723354880266
795,1986-04-01,66.509809815711,1.3832382716755691
796,1986-05-01,70.65949675941117,1.795540577926685
797,1986-06-01,59.02812285454338,2.2463510570238605
798,1986-07-01,24.39479658412926,0.9940070999377966
799,1986-08-01,22.28252901492784,0.678784460209854
800,1986-09-01,15.994613052654458,0.05912338294313186
801,1986-10-01,15.093164318815631,-0.07902496950032022
802,1986-11-01,21.58355656524924,0.11077266377360388
803,1986-12-01,28.657434937603306,0.04861653362621777
804,1987-01-01,34.79576391926705,0.1731327306189476
805,1987-02-01,32.98347485752651,0.15225417403282504
806,1987-03-01,29.474645543981502,-0.2518559984732622
807,1987-04-01,33.82824318997888,-0.1927168389831242
808,1987-05-01,40.64546680200133,0.4569222226873111
809,1987-06-01,44.173715346128624,1.514054520664388
810,1987-07-01,33.77670523931906,1.686863203590494
811,1987-08-01,17.963204148838507,0.3062306006756808
812,1987-09-01,13.597411100725598,-0.20686545435277437
813,1987-10-01,14.065716345664597,-0.19370873507327613
814,1987-11-01,32.221999132703914,0.9465567043581542
815,1987-12-01,45.73797205742079,1.0904984729114908
816,1988-01-01,61.94611524253914,1.4999249803007468
817,1988-02-01,54.60059571546614,1.158433102029746
818,1988-03-01,44.993656663142815,0.5833954222424461
819,1988-04-01,31.370725604828927,-0.3473900778238412
820,1988-05-01,23.02648105808607,-0.6794503892881719
821,1988-06-01,14.389155148602317,-0.7079927551300569
822,1988-07-01,6.68981659478439,-1.114184162414407
823,1988-08-01,8.967510975055,-0.7307830021683493
824,1988-09-01,11.489530266507499,-0.4686376400123697
825,1988-10-01,14.664771924668285,-0.12617753086951777
826,1988-11-01,16.11278997840115,-0.4322237209451592
827,1988-12-01,23.552896138633727,-0.34220017276210185
828,1989-01-01,36.79713416356812,0.29052532501462386
829,1989-02-01,45.29828207780453,0.7648915057805763
830,1989-03-01,42.37349400335376,0.4575905119385473
831,1989-04-01,93.53873327683,2.3341408250936526
832,1989-05-01,87.936315631987,2.4043137477963192
833,1989-06-01,91.21517430221398,3.511320162078861
834,1989-07-01,33.760771901125224,1.6857971603848787
835,1989-08-01,27.879363013922323,1.0970749798320074
836,1989-09-01,18.989705178183037,0.3561525661400858
837,1989-10-01,14.139078325116058,-0.18533487908837365
838,1989-11-01,14.708531645675379,-0.5915278084592656
839,1989-12-01,24.09089170114588,-0.29845450285749087
840,1990-01-01,41.28296740956427,0.5390689408308234
841,1990-02-01,57.456092185525435,1.2704875842936194
842,1990-03-01,61.781600487873064,1.293849993160356
843,1990-04-01,41.374601666545175,0.2393895999975562
844,1990-05-01,35.3534839178089,0.1580866935479483
845,1990-06-01,26.45437230773672,0.39364500272807074
846,1990-07-01,29.357509781763405,1.3781456541017583
847,1990-08-01,21.220190019107868,0.591892282455981
848,1990-09-01,24.66765832330856,0.8435024201141481
849,1990-10-01,32.732686639539,1.3770197267108388
850,1990-11-01,54.80143039303248,2.255066733708355
851,1990-12-01,64.18590837495141,1.9610014424476825
852,1991-01-01,52.52881841918199,1.0927195147119368
853,1991-02-01,31.552478059383215,0.07170681412444843
854,1991-03-01,44.161300177104614,0.5439648099815553
855,1991-04-01,50.48328214615536,0.6959841216094513
856,1991-05-01,51.27129508117043,0.9872656242175282
857,1991-06-01,24.12196759638988,0.2122902203410608
858,1991-07-01,20.092470130686806,0.6178403639400333
859,1991-08-01,24.096060258092756,0.8210876252179908
860,1991-09-01,22.78635153515968,0.691016864931319
861,1991-10-01,18.430303939058415,0.26059223648039753
862,1991-11-01,8.696865060649987,-1.4290718559135425
863,1991-12-01,14.28959777244643,-1.235837980743209
864,1992-01-01,17.922636921903877,-1.0695994369114656
865,1992-02-01,19.400716288230917,-0.7402140482402654
866,1992-03-01,13.331922648123863,-1.5488348789032589
867,1992-04-01,14.981018404600484,-1.6878500693647065
868,1992-05-01,19.281601674519436,-0.9945723807029443
869,1992-06-01,20.312008253742604,-0.11100971184928778
870,1992-07-01,27.93153724436791,1.2723063024196726
871,1992-08-01,26.949080434498654,1.0315601189483645
872,1992-09-01,39.44894420749492,1.8408444103045962
873,1992-10-01,29.327939978097376,1.1455937033082646
874,1992-11-01,41.51219806020344,1.5389426874568959
875,1992-12-01,37.09557430266966,0.6030279429921124
876,1993-01-01,35.49889437784039,0.2148755903198918
877,1993-02-01,17.566577269475452,-0.8915431944901484
878,1993-03-01,18.698063573487794,-1.032891503960125
879,1993-04-01,25.942288355448643,-0.721028322281716
880,1993-05-01,30.35675573919147,-0.15289446983570026
881,1993-06-01,21.771030791289995,0.01725106053270323
882,1993-07-01,27.206727468528264,1.2171896559183515
883,1993-08-01,28.59071028664822,1.1462343000548656
884,1993-09-01,26.306755634766596,0.9703282247683782
885,1993-10-01,19.382542087024298,0.3498573049622089
886,1993-11-01,28.87156408915684,0.7059782973882893
887,1993-12-01,39.553824760620216,0.7486034371232829
888,1994-01-01,46.98543215952175,0.8306147522225026
889,1994-02-01,43.36854635249588,0.6768266366065002
890,1994-03-01,53.818932762527965,0.9748831088212816
891,1994-04-01,54.132150446255,0.8636724187733787
892,1994-05-01,46.11605895183242,0.7399621072106511
893,1994-06-01,34.16315799066785,0.9271040199718251
894,1994-07-01,25.191277427669647,1.0588266751973157
895,1994-08-01,30.988908843534333,1.3064469192131898
896,1994-09-01,28.742512261379673,1.1497290017716466
897,1994-10-01,25.266216519484562,0.8457860529623532
898,1994-11-01,42.4305873576784,1.5927147869145621
899,1994-12-01,38.30430843768228,0.6753713337276713
900,1995-01-01,47.485989978249265,0.8550795839346607
901,1995-02-01,21.387168014317236,-0.5872089682825284
902,1995-03-01,22.930623763989153,-0.6961478267824835
903,1995-04-01,25.095149340870165,-0.7840766840921903
904,1995-05-01,35.17463257630992,0.1474824508982346
905,1995-06-01,31.748722314116133,0.7693301290624509
906,1995-07-01,27.014777924352355,1.2024370059854206
907,1995-08-01,24.589878400074134,0.8586260332428554
908,1995-09-01,23.65437125399474,0.7623501592891666
909,1995-10-01,18.91089761918867,0.30601716631644876
910,1995-11-01,13.147807105980254,-0.7814464843987646
911,1995-12-01,13.729574255963243,-1.301734883490314
912,1996-01-01,14.883334861733875,-1.3749802715448325
913,1996-02-01,28.41625357133094,-0.11382560728374562
914,1996-03-01,43.58487625841476,0.5163714423396051
915,1996-04-01,47.704436386640914,0.5628868269693035
916,1996-05-01,33.87270350700521,0.06918293012563523
917,1996-06-01,20.050738151003703,-0.13462857261608419
918,1996-07-01,16.3035357884952,0.23997236999914315
919,1996-08-01,15.451905317390894,0.06147813082558662
920,1996-09-01,13.623573508660822,-0.20379719618473943
921,1996-10-01,9.563562143436508,-0.778318338973759
922,1996-11-01,23.391619267263913,0.26954356954138337
923,1996-12-01,30.081179427766855,0.14914355757251876
924,1997-01-01,35.60696202579714,0.2212423098249689
925,1997-02-01,26.251696904314922,-0.2501163290559058
926,1997-03-01,31.85010558304779,-0.10739187894075913
927,1997-04-01,25.871362501670813,-0.7262518340076876
928,1997-05-01,27.908962958406256,-0.31798293161903807
929,1997-06-01,30.279511230801024,0.6694710815459943
930,1997-07-01,40.002398924309816,2.081574022246533
931,1997-08-01,37.03494806476015,1.6783209416696625
932,1997-09-01,23.839475035238664,0.7773408149931315
933,1997-10-01,16.162907750680485,0.03489618581871323
934,1997-11-01,30.192359649162796,0.8028790299493359
935,1997-12-01,34.76315962349326,0.45893463059301143
936,1998-01-01,30.61580289727783,-0.08745432482068156
937,1998-02-01,13.804533639431153,-1.2409979378619835
938,1998-03-01,12.104365572331902,-1.6874470044474215
939,1998-04-01,28.673098907070226,-0.5269902675807797
940,1998-05-01,39.04791374277002,0.36957389586015454
941,1998-06-01,40.17329783646838,1.2908687028358354
942,1998-07-01,29.958241439438147,1.4217583787233525
943,1998-08-01,29.534898225612444,1.2102946053118466
944,1998-09-01,31.536614021337634,1.3439390783573546
945,1998-10-01,33.98786563897397,1.4584690649837495
946,1998-11-01,36.8245466441261,1.252006200727936
947,1998-12-01,36.1825519694153,0.5473522228767306
948,1999-01-01,41.31899162018812,0.5409910337557636
949,1999-02-01,41.77403537990912,0.6021101841103035
950,1999-03-01,54.83726711352922,1.0172977840547421
951,1999-04-01,48.28801293501508,0.5912516183082795
952,1999-05-01,32.748496685174565,-6.589510777865146e-05
953,1999-06-01,12.50490073086026,-0.9334522802240308
954,1999-07-01,6.265644627131039,-1.2002510954301635
955,1999-08-01,10.878309841532406,-0.4647006460954431
956,1999-09-01,11.154496801181114,-0.5132259184434699
957,1999-10-01,11.81361810567951,-0.46675533248405315
958,1999-11-01,16.5057597916363,-0.3893622449993182
959,1999-12-01,34.47265197807307,0.4405463398687636
960,2000-01-01,52.45085480308886,1.089160269446114
961,2000-02-01,42.16766401921116,0.6207260532573313
962,2000-03-01,25.903842911563146,-0.4847479536478974
963,2000-04-01,18.63154326303831,-1.3223002549912204
964,2000-05-01,21.05152366343748,-0.8407724957312062
965,2000-06-01,20.716268057909872,-0.07486585796983744
966,2000-07-01,14.670760454259632,0.059003937777009706
967,2000-08-01,24.685472733334556,0.865836362671212
968,2000-09-01,25.421798674905226,0.9025092889343316
969,2000-10-01,32.34278549382717,1.3513174633662008
970,2000-11-01,38.670833599142135,1.3676463722850905
971,2000-12-01,35.22222136783685,0.4877865489642208
972,2001-01-01,21.951178899946548,-0.71669620590401
973,2001-02-01,12.727398468637613,-1.3534995093270732
974,2001-03-01,17.540401986427057,-1.1342425759265993
975,2001-04-01,30.098094359841316,-0.43074598000760306
976,2001-05-01,23.64486218194081,-0.6309180774867582
977,2001-06-01,20.747358192910358,-0.07210595526632409
978,2001-07-01,12.632344534135935,-0.187064689592613
979,2001-08-01,14.877120157343626,0.001758057185870198
980,2001-09-01,17.46258883709416,0.20895342134182687
981,2001-10-01,28.33333713060174,1.0747774962950185
982,2001-11-01,39.14865432402548,1.3969987984832282
983,2001-12-01,52.63405116895111,1.4382626842613624
984,2002-01-01,51.701186684346766,1.0547607226434288
985,2002-02-01,58.4835466258992,1.309936307728232
986,2002-03-01,67.21701901520123,1.496737874222838
987,2002-04-01,58.83873741585255,1.069459078768299
988,2002-05-01,43.04833837230851,0.5841400508796455
989,2002-06-01,20.459794617144222,-0.0977406337680515
990,2002-07-01,25.400036055063445,1.0755978514742626
991,2002-08-01,25.313912583843702,0.9127943453154518
992,2002-09-01,24.31289662468408,0.8153403984957776
993,2002-10-01,17.66140479184895,0.18624847034678327
994,2002-11-01,14.098504274964775,-0.6640125938217255
995,2002-12-01,20.21950442229879,-0.6297329866789504
996,2003-01-01,20.22859223488992,-0.8615371623164721
997,2003-02-01,27.996764347598923,-0.1396739703083925
998,2003-03-01,18.619641555900355,-1.039614753096209
999,2003-04-01,24.629501353156606,-0.8193629619089042
1000,2003-05-01,17.32165405119175,-1.176931644081066
1001,2003-06-01,19.653122142555546,-0.170976167245742
1002,2003-07-01,21.01350493758811,0.7024771000375001
1003,2003-08-01,28.05492924359934,1.1092816631223175
1004,2003-09-01,28.483171645645,1.1311027106211973
1005,2003-10-01,17.20881928875645,0.1414740393212969
1006,2003-11-01,17.915240317725058,-0.24113245892470495
1007,2003-12-01,26.929596650353616,-0.07798546845777855
1008,2004-01-01,40.74501836358998,0.5102342720414419
1009,2004-02-01,38.487183459706436,0.4419766034291041
1010,2004-03-01,72.31680173550356,1.6778435449032938
1011,2004-04-01,89.48171653239527,2.2035576934380727
1012,2004-05-01,87.24681712962965,2.3815206090657
1013,2004-06-01,43.01001966225577,1.450502738488436
1014,2004-07-01,13.003560034053919,-0.14034759333646912
1015,2004-08-01,9.40137297833432,-0.6671178059616296
1016,2004-09-01,8.024763150130338,-0.9834693745342755
1017,2004-10-01,12.033976557373702,-0.4385358417356954
1018,2004-11-01,24.56851034015172,0.36854858734745266
1019,2004-12-01,34.44066711170654,0.4385155537967878
1020,2005-01-01,37.29566613960583,0.3191041268605371
1021,2005-02-01,27.19753950298315,-0.189657149365124
1022,2005-03-01,49.685973972762966,0.7971997117534017
1023,2005-04-01,51.01553813748543,0.7209264984493305
1024,2005-05-01,46.8753308370091,0.7774769296728984
1025,2005-06-01,17.07632784779942,-0.4195710753786093
1026,2005-07-01,13.554781007734292,-0.0726185781686106
1027,2005-08-01,18.994586804036665,0.4001427158502596
1028,2005-09-01,26.723151034072146,1.001730979991775
1029,2005-10-01,30.459908060537582,1.2243475870817826
1030,2005-11-01,29.128518359033258,0.725052743090315
1031,2005-12-01,25.402721198478677,-0.19450072282020628
1032,2006-01-01,28.870285121694877,-0.20338145599026589
1033,2006-02-01,40.14078847240451,0.5236166016118575
1034,2006-03-01,44.89798353656316,0.5788876422619871
1035,2006-04-01,44.08608768196512,0.38170965364479553
1036,2006-05-01,47.282819980618754,0.7974475041723639
1037,2006-06-01,39.161382767692245,1.2321902571663217
1038,2006-07-01,35.80995355181298,1.8204042149989463
1039,2006-08-01,20.451536507697842,0.5272309350400798
1040,2006-09-01,22.762915269271915,0.6890665537387697
1041,2006-10-01,17.678001228036617,0.18787571546157375
1042,2006-11-01,20.904938423495693,0.04888948876982236
1043,2006-12-01,20.785000277200613,-0.5787716791411397
1044,2007-01-01,22.802485653920016,-0.6480162490201385
1045,2007-02-01,21.652157778780275,-0.5675553513321232
1046,2007-03-01,20.68443009836446,-0.868851615716173
1047,2007-04-01,20.685046205161875,-1.1387470124622996
1048,2007-05-01,13.981814039127832,-1.5247913887730853
1049,2007-06-01,11.320261153811412,-1.0877312111868576
1050,2007-07-01,9.77205881864324,-0.5830632347321641
1051,2007-08-01,15.582684664959434,0.0748564715129652
1052,2007-09-01,16.28660281939586,0.08963801055260757
1053,2007-10-01,17.12162356387311,0.13275754198769563
1054,2007-11-01,17.2833406810477,-0.3065654463231438
1055,2007-12-01,35.8683398760268,0.5279785094840608
1056,2008-01-01,44.4950060224677,0.7063040865714916
1057,2008-02-01,63.45283431910423,1.494768078467291
1058,2008-03-01,44.550172263080846,0.5624467148944914
1059,2008-04-01,32.54095591295447,-0.27274929126139785
1060,2008-05-01,10.462998325024929,-1.9637760192913154
1061,2008-06-01,8.88616316216768,-1.4450883086696358
1062,2008-07-01,13.80461492470778,-0.04253457696502685
1063,2008-08-01,14.157703214615552,-0.07522619167058846
1064,2008-09-01,14.287254857845479,-0.1272682377662188
1065,2008-10-01,10.060725204217114,-0.7053906895150671
1066,2008-11-01,10.800103200261878,-1.0993860848798898
1067,2008-12-01,26.34249623690704,-0.12224557000916696
1068,2009-01-01,29.733243793744556,-0.1454939606233079
1069,2009-02-01,42.42379974041876,0.6327784880793478
1070,2009-03-01,50.91207301615512,0.8508804512800365
1071,2009-04-01,63.49703547256248,1.262922271195682
1072,2009-05-01,48.200335669033144,0.8420075467053306
1073,2009-06-01,26.22671016627481,0.3764218378451803
1074,2009-07-01,13.280919874978757,-0.1060299887559407
1075,2009-08-01,17.504117188259475,0.26327624424491386
1076,2009-09-01,17.618058973097135,0.22432149127855483
1077,2009-10-01,20.441378814735856,0.4457683595789315
1078,2009-11-01,33.700647851961236,1.0475828853777887
1079,2009-12-01,41.0506623954992,0.8343718658778977
1080,2010-01-01,36.27235689234595,0.2601630299964182
1081,2010-02-01,23.362773080556792,-0.4445255411051157
1082,2010-03-01,30.13345926973974,-0.21102215870293228
1083,2010-04-01,37.376419798653664,0.017733333891979716
1084,2010-05-01,32.727494824323195,-0.0013746331118187395
1085,2010-06-01,17.123472358923905,-0.4148001163155111
1086,2010-07-01,7.661209469855783,-0.9308759315579952
1087,2010-08-01,8.945558847787275,-0.7340613638403941
1088,2010-09-01,8.146156955532488,-0.9630078630438997
1089,2010-10-01,11.655666692108383,-0.48720740130974727
1090,2010-11-01,21.557396471274444,0.108411453395969
1091,2010-12-01,27.93187330262105,-0.0039044384528319044
1092,2011-01-01,29.094569355588384,-0.18822500506707407
1093,2011-02-01,19.438231638688414,-0.7372255394744498
1094,2011-03-01,24.396046834748972,-0.5897293567336999
1095,2011-04-01,19.79119889066603,-1.2169823239266964
1096,2011-05-01,23.8557627060398,-0.6145666012031571
1097,2011-06-01,16.165466872250796,-0.513579330644673
1098,2011-07-01,17.787727570295054,0.3942686231129411
1099,2011-08-01,16.66635386668248,0.1829161315135653
1100,2011-09-01,14.118434475475741,-0.1465018090801453
1101,2011-10-01,14.840352156772525,-0.10674024682636085
1102,2011-11-01,25.278443486393652,0.42676084662637465
1103,2011-12-01,62.726287292972955,1.898412960843091
1104,2012-01-01,58.64137516223832,1.3618428109598317
1105,2012-02-01,50.107853636283224,0.9742642509015708
1106,2012-03-01,21.912101982193114,-0.7729257697760925
1107,2012-04-01,29.19817450119085,-0.4911535417226335
1108,2012-05-01,25.87700951443572,-0.4626838686177939
1109,2012-06-01,26.751951416229247,0.4160105080037769
1110,2012-07-01,22.84370690100372,0.8637538430927958
1111,2012-08-01,24.935750693381234,0.8846289063582273
1112,2012-09-01,13.856262758821837,-0.17668295538758338
1113,2012-10-01,10.018715371285534,-0.7114539367039207
1114,2012-11-01,8.789541964467464,-1.4134032115889736
1115,2012-12-01,14.930686145989046,-1.1626164836095993
1116,2013-01-01,19.95458704326458,-0.8853604660990618
1117,2013-02-01,45.50621052739504,0.7742336792821506
1118,2013-03-01,42.94505694383691,0.4854609026261946
1119,2013-04-01,38.35700372455074,0.07350906421550586
1120,2013-05-01,14.446060775470585,-1.4731037361580932
1121,2013-06-01,10.699886998039116,-1.1731361697386276
1122,2013-07-01,13.16512882043176,-0.12029708831092081
1123,2013-08-01,10.290324664549335,-0.5428409022295114
1124,2013-09-01,9.703033557030441,-0.7179362295414168
1125,2013-10-01,7.473858180379387,-1.118058768933507
1126,2013-11-01,19.711123281356347,-0.06333094286342839
1127,2013-12-01,54.79452351781225,1.541178861413254
1128,2014-01-01,69.93735646325462,1.815566620231364
1129,2014-02-01,57.573968415080955,1.2750360902755837
1130,2014-03-01,55.07804288407094,1.0272519558222721
1131,2014-04-01,68.542850939748,1.4624730656011087
1132,2014-05-01,72.5066300306212,1.8647869673558697
1133,2014-06-01,42.771023386616626,1.437316242731907
1134,2014-07-01,23.745270502211554,0.9401323097141413
1135,2014-08-01,31.70507413786821,1.352756910854111
1136,2014-09-01,29.882681494240327,1.2303697951841757
1137,2014-10-01,27.0293100705077,0.9794723635357167
1138,2014-11-01,35.43986085669415,1.1628240364542877
1139,2014-12-01,42.05111873222881,0.8905698390753692
1140,2015-01-01,48.37989259046615,0.8983560690074126
1141,2015-02-01,31.477245628584644,0.06740502639843764
1142,2015-03-01,36.81055086213184,0.17235199850044006
1143,2015-04-01,32.78993473255081,-0.2571047208240493
1144,2015-05-01,36.26844143397008,0.21178303907951718
1145,2015-06-01,32.59329983383156,0.825378041311785
1146,2015-07-01,28.73955513861551,1.3326890643839746
1147,2015-08-01,34.55018935078864,1.530481897358304
1148,2015-09-01,46.72369926469697,2.2453784239866987
1149,2015-10-01,68.86021951249151,3.2245390414148023
1150,2015-11-01,69.85336088631284,2.9460236466769163
1151,2015-12-01,57.426862712039494,1.6631534072942127
1152,2016-01-01,30.46869743156565,-0.09704928537144983
1153,2016-02-01,19.167013760731102,-0.7589225810516613
1154,2016-03-01,27.376339700023415,-0.3862041355065303
1155,2016-04-01,46.49609621822448,0.5034223001733682
1156,2016-05-01,51.21529866275399,0.984668114881679
1157,2016-06-01,46.506767491737165,1.6383497931919453
1158,2016-07-01,42.17554619908624,2.2103230257723046
1159,2016-08-01,40.17214631482699,1.856395671504964
1160,2016-09-01,35.06084268220815,1.5739333626786536
1161,2016-10-01,34.27182252175077,1.476630654218059
1162,2016-11-01,33.417479851693905,1.0284604625280085
1163,2016-12-01,40.69353404934628,0.8140957929522932
1164,2017-01-01,40.89068537656753,0.5180667786579064
1165,2017-02-01,36.17846610862013,0.3240266180129698
1166,2017-03-01,23.05452578383217,-0.6869707040713515
1167,2017-04-01,23.933082685139645,-0.8730121995512247
1168,2017-05-01,24.375918701622826,-0.5746597323809715
1169,2017-06-01,23.113128433679975,0.13022579825943895
1170,2017-07-01,9.590839702301778,-0.6107253522469509
1171,2017-08-01,8.370430628273272,-0.8220512848037724
1172,2017-09-01,6.989732921975275,-1.1676029061468411
1173,2017-10-01,14.459294493163425,-0.149126068694133
1174,2017-11-01,49.367922485031194,1.9770379654949417
1175,2017-12-01,61.69120841231655,1.8534734673373745
1176,2018-01-01,57.491912292972955,1.312654750220144
1177,2018-02-01,28.894416287699315,-0.08467488470909668
1178,2018-03-01,28.309221153670926,-0.32563735847493125
1179,2018-04-01,51.44188831322303,0.7407836433342427
1180,2018-05-01,59.19725271428748,1.337919414486814
1181,2018-06-01,52.894963379143604,1.959794039001876
1182,2018-07-01,32.98670918088367,1.6336233560220994
1183,2018-08-01,57.128329065203694,2.695275384479881
1184,2018-09-01,60.82942974142125,2.9314687378255306
1185,2018-10-01,62.236734432718514,2.940665171611861
1186,2018-11-01,36.914908341535465,1.2577509377762497
1187,2018-12-01,46.50438185786676,1.1307410571988221
1188,2019-01-01,42.52567523026639,0.6047486493865897
1189,2019-02-01,52.80298404539714,1.085956941820039
1190,2019-03-01,41.50742679246261,0.414883371810443
1191,2019-04-01,54.462728766434616,0.8784966214981964
1192,2019-05-01,30.855780410803725,-0.12035464388672731
1193,2019-06-01,24.07108740381523,0.20820674506625478
1194,2019-07-01,8.477116782521357,-0.7892840760512229
1195,2019-08-01,11.992450342171889,-0.3243124921387142
1196,2019-09-01,13.652011014356745,-0.2004666699351013
1197,2019-10-01,12.18276646761389,-0.41968260175837424
1198,2019-11-01,11.27347162794975,-1.0316173547100727
1199,2019-12-01,21.89648613123667,-0.4813227357526204
1200,2020-01-01,47.57366795621905,0.8593475962084941
1201,2020-02-01,48.48840855342304,0.9052780685364422
1202,2020-03-01,48.612691249422845,0.7494981249213786
1203,2020-04-01,26.69562795807211,-0.6661464268978845
1204,2020-05-01,25.669962505771878,-0.4778590749794195
1205,2020-06-01,13.527465832178992,-0.808361209849052
1206,2020-07-01,11.078140378937036,-0.39352788053803467
1207,2020-08-01,8.708158374191969,-0.7698828251336104
1208,2020-09-01,11.04138187153692,-0.5284892070496916
1209,2020-10-01,9.140518913814187,-0.8425031966572414
1210,2020-11-01,23.581299468914075,0.2857201517887673
1211,2020-12-01,26.21814068081988,-0.13170565356163896
1212,2021-01-01,36.748569474063174,0.28772761201536046
1213,2021-02-01,27.308730166867196,-0.18264415434557302
1214,2021-03-01,42.11595946340044,0.44495170416944163
1215,2021-04-01,41.11537354488678,0.22546254345864308
1216,2021-05-01,35.85187088565972,0.18744895135589773
1217,2021-06-01,16.1170657026162,-0.5186756623630006
1218,2021-07-01,11.356400884459788,-0.35516599761154743
1219,2021-08-01,16.950386457497967,0.21045697779264746
1220,2021-09-01,21.50938618295546,0.582781030331951
1221,2021-10-01,25.848647242119938,0.8905966501078381
1222,2021-11-01,19.549032370573936,-0.07891749933549143
1223,2021-12-01,24.399110043698997,-0.2736913310824524
1224,2022-01-01,13.827437516423219,-1.4914900786990424
1225,2022-02-01,14.574258633184664,-1.1644159741002151
1226,2022-03-01,10.127963969713779,-1.9340365698571205
1227,2022-04-01,18.954467951434488,-1.2925163390899146
1228,2022-05-01,21.494020061728428,-0.8037418060437026
1229,2022-06-01,19.03693394120009,-0.22830256343565425
1230,2022-07-01,13.6031126398914,-0.06676960614078707
1231,2022-08-01,10.966763648901559,-0.4532011447801213
1232,2022-09-01,8.624228418794686,-0.8844715308024804
1233,2022-10-01,9.753877794219981,-0.7500939422516478
1234,2022-11-01,13.44472916837547,-0.7441524937800919
1235,2022-12-01,20.975518725849405,-0.5618178630933722
1236,2023-01-01,32.759267043659506,0.04896185557259554
1237,2023-02-01,43.532909216426106,0.6844257734272251
1238,2023-03-01,51.24676472732578,0.8653877674659526
1239,2023-04-01,42.80927801776517,0.3154379070148534
1240,2023-05-01,32.831035416362916,0.005072080890422212
1241,2023-06-01,18.55502047297259,-0.2740219389700223
1242,2023-07-01,20.904213857219702,0.6925621836370207
1243,2023-08-01,19.805876282337568,0.4716718733698588
1244,2023-09-01,19.455119277896284,0.3994454070099362
1245,2023-10-01,9.061445902025948,-0.854731522581667
1246,2023-11-01,14.892326674633365,-0.5700973292414221
1247,2023-12-01,21.805903836266374,-0.48913560920359805
1248,2024-01-01,23.335265430959616,-0.6059312485922509
1249,2024-02-01,16.051425883776275,-1.0251925096731196
1250,2024-03-01,10.55077954122925,-1.8784799135861103
1251,2024-04-01,16.88639916239857,-1.4899574404877125
1252,2024-05-01,18.290017655399442,-1.085109742984865
1253,2024-06-01,17.83284671338829,-0.344074831719899
1254,2024-07-01,13.384560857301722,-0.09333127080094725
1255,2024-08-01,26.459220470162613,0.996478167384455
1256,2024-09-01,29.03010882591502,1.170259570582834
1257,2024-10-01,29.97110563545011,1.1905734256796277
1258,2024-11-01,22.872910742927996,0.22485642221557928
1259,2024-12-01,18.71686669727268,-0.770114460617791
1260,2025-01-01,18.75859820229722,-0.9921117979582909
1261,2025-02-01,7.984415986765789,-1.953625473342917
1262,2025-03-01,15.944496111027604,-1.2820671567305761
1263,2025-04-01,13.394905447067629,-1.8669813050689026
1264,2025-05-01,14.253583054993591,-1.4943863835805749
1265,2025-06-01,7.493932914418712,-1.6825858706252361
1266,2025-07-01,8.428126917620569,-0.7975074148601701
1267,2025-08-01,8.800529301241887,-0.7558640201396613
1268,2025-09-01,8.520867366351371,-0.9011847555830182
1269,2025-10-01,7.933979837264294,-1.0379371604898526
1270,2025-11-01,13.57269462139718,-0.7282565687838124
1271,2025-12-01,12.617642934878393,-1.4384826478403787
1272,2026-01-01,15.490912045011328,-1.3106023308598356
1273,2026-02-01,32.371101961592935,0.1180773636464029
1274,2026-03-01,51.28345820650459,0.8669745161936283
1275,2026-04-01,56.30356996391079,0.9599960424183243
